intersect_bp,f_orig_query,f_match,f_unique_to_query,f_unique_weighted,average_abund,median_abund,std_abund,name,filename,md5,f_match_orig,unique_intersect_bp,gather_result_rank,remaining_bp,query_filename,query_name,query_md5,query_bp
1390000,0.146779303062302,0.6625357483317446,0.146779303062302,0.146779303062302,,,,"GCF_018987235.1 Lactobacillus crispatus strain=ATCC 33820, ASM1898723v1",/mnt/HDD/kia/HMP_reference/gtdb-rs207.genomic-reps.dna.k31.zip,6b44659d997543a9bf23901261a5ef0d,0.6625357483317446,1390000,0,2251000,,SRS049237.tar.bz2,bf71319c,9470000
950000,0.1003167898627244,0.7238749046529367,0.10021119324181627,0.10021119324181627,,,,"GCF_000160875.1 Lactobacillus iners DSM 13335 strain=DSM 13335, ASM16087v1",/mnt/HDD/kia/HMP_reference/gtdb-rs207.genomic-reps.dna.k31.zip,a3c06acfd6e434dfc80d4cff3cf45af5,0.7246376811594203,949000,1,1302000,,SRS049237.tar.bz2,bf71319c,9470000
676000,0.07138331573389652,0.4009603841536615,0.07053854276663146,0.07053854276663146,,,,"GCF_007095465.1 Lactobacillus mulieris strain=c10Ua161M, ASM709546v1",/mnt/HDD/kia/HMP_reference/gtdb-rs207.genomic-reps.dna.k31.zip,534db1f8edeae394e1692f7d57e91234,0.4057623049219688,668000,2,634000,,SRS049237.tar.bz2,bf71319c,9470000
324000,0.034213305174234425,0.45251396648044695,0.034213305174234425,0.034213305174234425,,,,"GCF_000019345.1 Ureaplasma parvum serovar 3 str. ATCC 27815 strain=ATCC 27815, ASM1934v1",/mnt/HDD/kia/HMP_reference/gtdb-rs207.genomic-reps.dna.k31.zip,9e3553982cc8560db06ccfa0271dd519,0.45251396648044695,324000,3,310000,,SRS049237.tar.bz2,bf71319c,9470000
118000,0.01246040126715945,0.05545023696682464,0.01235480464625132,0.01235480464625132,,,,"GCF_014838735.1 Limosilactobacillus sp. c11Ua_112_M strain=c11Ua_112_M, ASM1483873v1",/mnt/HDD/kia/HMP_reference/gtdb-rs207.genomic-reps.dna.k31.zip,c216842598404bf8b66e002da1157cf9,0.055924170616113746,117000,4,193000,,SRS049237.tar.bz2,bf71319c,9470000
102000,0.010770855332629356,0.015711645101663587,0.010770855332629356,0.010770855332629356,,,,"GCF_001314995.1 Bacteroides ovatus strain=ATCC 8483, ASM131499v1",/mnt/HDD/kia/HMP_reference/gtdb-rs207.genomic-reps.dna.k31.zip,514bdd6aa640f40cc6414be0e11ec2f6,0.015711645101663587,102000,5,91000,,SRS049237.tar.bz2,bf71319c,9470000
