intersect_bp,f_orig_query,f_match,f_unique_to_query,f_unique_weighted,average_abund,median_abund,std_abund,name,filename,md5,f_match_orig,unique_intersect_bp,gather_result_rank,remaining_bp,query_filename,query_name,query_md5,query_bp
1426000,0.15545623024092445,0.5868312757201646,0.15545623024092445,0.15545623024092445,,,,"GCF_003030305.1 Cutibacterium acnes strain=ATCC 6919, ASM303030v1",/mnt/HDD/kia/HMP_reference/gtdb-rs207.genomic-reps.dna.k31.zip,ff021938b2e5aeb2c3d43194bd8f6fed,0.5868312757201646,1426000,0,2329000,,SRS013269.tar.bz2,dc46def5,9173000
838000,0.0913550637741197,0.30483812295380136,0.0913550637741197,0.0913550637741197,,,,"GCF_001027105.1 Staphylococcus aureus subsp. aureus DSM 20231 strain=DSM 20231, ASM102710v1",/mnt/HDD/kia/HMP_reference/gtdb-rs207.genomic-reps.dna.k31.zip,185d23ed7456f793b36f5c5f7f0a4c80,0.30483812295380136,838000,1,1491000,,SRS013269.tar.bz2,dc46def5,9173000
757000,0.08252480104654966,0.4821656050955414,0.08252480104654966,0.08252480104654966,,,,"GCA_003241315.1 Lawsonella clevelandensis, ASM324131v1",/mnt/HDD/kia/HMP_reference/gtdb-rs207.genomic-reps.dna.k31.zip,615e5c6c38f626bff2360eec57680c79,0.4821656050955414,757000,2,734000,,SRS013269.tar.bz2,dc46def5,9173000
275000,0.02997928703804644,0.11084142394822007,0.02987027144881718,0.02987027144881718,,,,"GCF_000478175.1 Corynebacterium sp. KPL1814 strain=KPL1814, Cory_sp_KPL1814_V1",/mnt/HDD/kia/HMP_reference/gtdb-rs207.genomic-reps.dna.k31.zip,4cde657a6de5dd95199d6e1d2ee0d378,0.11124595469255663,274000,3,460000,,SRS013269.tar.bz2,dc46def5,9173000
215000,0.023438351684290853,0.08721422523285352,0.022457211381227516,0.022457211381227516,,,,"GCF_006742205.1 Staphylococcus epidermidis strain=NBRC 100911, ASM674220v1",/mnt/HDD/kia/HMP_reference/gtdb-rs207.genomic-reps.dna.k31.zip,573514f3d349904ef56eb74c28c247d7,0.09102455546147332,206000,4,254000,,SRS013269.tar.bz2,dc46def5,9173000
239000,0.026054725825793087,0.05151641046946406,0.013517933064428214,0.013517933064428214,,,,"GCF_000159115.1 Corynebacterium accolens ATCC 49725 strain=ATCC 49725, ASM15911v1",/mnt/HDD/kia/HMP_reference/gtdb-rs207.genomic-reps.dna.k31.zip,30fc14d53964d66f039fe9009573cee3,0.09929372663066058,124000,5,130000,,SRS013269.tar.bz2,dc46def5,9173000
