intersect_bp,f_orig_query,f_match,f_unique_to_query,f_unique_weighted,average_abund,median_abund,std_abund,name,filename,md5,f_match_orig,unique_intersect_bp,gather_result_rank,remaining_bp,query_filename,query_name,query_md5,query_bp
363000,0.07493806771263418,0.14938271604938272,0.07493806771263418,0.07493806771263418,,,,"GCF_003030305.1 Cutibacterium acnes strain=ATCC 6919, ASM303030v1",/mnt/HDD/kia/HMP_reference/gtdb-rs207.genomic-reps.dna.k31.zip,ff021938b2e5aeb2c3d43194bd8f6fed,0.14938271604938272,363000,0,928000,,SRS063178.tar.bz2,9f5a9bf4,4844000
355000,0.07328654004954582,0.22611464968152867,0.07328654004954582,0.07328654004954582,,,,"GCA_003241315.1 Lawsonella clevelandensis, ASM324131v1",/mnt/HDD/kia/HMP_reference/gtdb-rs207.genomic-reps.dna.k31.zip,615e5c6c38f626bff2360eec57680c79,0.22611464968152867,355000,1,573000,,SRS063178.tar.bz2,9f5a9bf4,4844000
224000,0.046242774566473986,0.10942843185148998,0.046242774566473986,0.046242774566473986,,,,"GCF_002014765.1 Moraxella lincolnii strain=CCUG 9405, ASM201476v1",/mnt/HDD/kia/HMP_reference/gtdb-rs207.genomic-reps.dna.k31.zip,db5a0edfe7cf62d2cadd7ca7c2113ab0,0.10942843185148998,224000,2,349000,,SRS063178.tar.bz2,9f5a9bf4,4844000
141000,0.029108175061932286,0.05816368923971749,0.028901734104046242,0.028901734104046242,,,,"GCF_000159115.1 Corynebacterium accolens ATCC 49725 strain=ATCC 49725, ASM15911v1",/mnt/HDD/kia/HMP_reference/gtdb-rs207.genomic-reps.dna.k31.zip,30fc14d53964d66f039fe9009573cee3,0.05857914416285833,140000,3,209000,,SRS063178.tar.bz2,9f5a9bf4,4844000
81000,0.016721717588769613,0.03420608108108108,0.016721717588769613,0.016721717588769613,,,,"GCF_000262545.1 Prevotella bivia DSM 20514 strain=DSM 20514, ASM26254v1",/mnt/HDD/kia/HMP_reference/gtdb-rs207.genomic-reps.dna.k31.zip,7e4812190e97f5ad4355870e0dd93942,0.03420608108108108,81000,4,128000,,SRS063178.tar.bz2,9f5a9bf4,4844000
80000,0.016515276630883566,0.044296788482835,0.016515276630883566,0.016515276630883566,,,,"GCF_900106515.1 Peptoniphilus lacydonensis strain=EL1, PRJEB16530",/mnt/HDD/kia/HMP_reference/gtdb-rs207.genomic-reps.dna.k31.zip,b4b406f34659b0ee300ff2dee0f6de99,0.044296788482835,80000,5,48000,,SRS063178.tar.bz2,9f5a9bf4,4844000
