intersect_bp,f_orig_query,f_match,f_unique_to_query,f_unique_weighted,average_abund,median_abund,std_abund,name,filename,md5,f_match_orig,unique_intersect_bp,gather_result_rank,remaining_bp,query_filename,query_name,query_md5,query_bp
1523000,0.38861954580250063,0.957259585166562,0.38861954580250063,0.38861954580250063,,,,"GCF_001436455.1 Lactobacillus jensenii DSM 20557 strain=DSM 20557, ASM143645v1",/mnt/HDD/kia/HMP_reference/gtdb-rs207.genomic-reps.dna.k31.zip,02ae1dee237653b18076f43ca5e8d71b,0.957259585166562,1523000,0,300000,,SRS063417.tar.bz2,2c863143,3919000
159000,0.0405715743812197,0.02773900907187718,0.0405715743812197,0.0405715743812197,,,,"GCF_004367745.1 Herbaspirillum huttiense strain=NFYY 53159, ASM436774v1",/mnt/HDD/kia/HMP_reference/gtdb-rs207.genomic-reps.dna.k31.zip,7dde5370ebfef46ee947a2ae4419fc41,0.02773900907187718,159000,1,141000,,SRS063417.tar.bz2,2c863143,3919000
97000,0.02475121204388875,0.014978381717109327,0.02475121204388875,0.02475121204388875,,,,"GCF_001439845.1 Pseudomonas lactis strain=DSM 29167, MG336",/mnt/HDD/kia/HMP_reference/gtdb-rs207.genomic-reps.dna.k31.zip,d5aef4ee8ee00ca6557b5a8fe4179568,0.014978381717109327,97000,2,44000,,SRS063417.tar.bz2,2c863143,3919000
