intersect_bp,f_orig_query,f_match,f_unique_to_query,f_unique_weighted,average_abund,median_abund,std_abund,name,filename,md5,f_match_orig,unique_intersect_bp,gather_result_rank,remaining_bp,query_filename,query_name,query_md5,query_bp
1270000,0.2054683708137842,0.522633744855967,0.2054683708137842,0.2054683708137842,,,,"GCF_003030305.1 Cutibacterium acnes strain=ATCC 6919, ASM303030v1",/mnt/HDD/kia/HMP_reference/gtdb-rs207.genomic-reps.dna.k31.zip,ff021938b2e5aeb2c3d43194bd8f6fed,0.522633744855967,1270000,0,1378000,,SRS013956.tar.bz2,f15f5f3b,6181000
858000,0.13881248988836759,0.5464968152866242,0.13881248988836759,0.13881248988836759,,,,"GCA_003241315.1 Lawsonella clevelandensis, ASM324131v1",/mnt/HDD/kia/HMP_reference/gtdb-rs207.genomic-reps.dna.k31.zip,615e5c6c38f626bff2360eec57680c79,0.5464968152866242,858000,1,520000,,SRS013956.tar.bz2,f15f5f3b,6181000
234000,0.03785795178773661,0.10641200545702592,0.03785795178773661,0.03785795178773661,,,,"GCF_001679005.1 Moraxella nonliquefaciens strain=CCUG 348, ASM167900v1",/mnt/HDD/kia/HMP_reference/gtdb-rs207.genomic-reps.dna.k31.zip,6be8f14666fc6f37947f0fa1e6c9b423,0.10641200545702592,234000,2,286000,,SRS013956.tar.bz2,f15f5f3b,6181000
146000,0.02362077333764763,0.053110221898872316,0.02362077333764763,0.02362077333764763,,,,"GCF_001027105.1 Staphylococcus aureus subsp. aureus DSM 20231 strain=DSM 20231, ASM102710v1",/mnt/HDD/kia/HMP_reference/gtdb-rs207.genomic-reps.dna.k31.zip,185d23ed7456f793b36f5c5f7f0a4c80,0.053110221898872316,146000,3,140000,,SRS013956.tar.bz2,f15f5f3b,6181000
75000,0.012133958906325838,0.028196214754731556,0.011810386668823815,0.011810386668823815,,,,"GCF_002154655.1 Corynebacterium kefirresidentii strain=SB, ASM215465v1",/mnt/HDD/kia/HMP_reference/gtdb-rs207.genomic-reps.dna.k31.zip,6a7c544dce2b6d683a1acb703e969a91,0.028968713789107765,73000,4,67000,,SRS013956.tar.bz2,f15f5f3b,6181000
136000,0.022002912150137516,0.024050632911392405,0.009221808768807637,0.009221808768807637,,,,"GCF_001642025.1 [Propionibacterium] namnetense strain=NTS 31307302, ASM164202v1",/mnt/HDD/kia/HMP_reference/gtdb-rs207.genomic-reps.dna.k31.zip,ddeb72b30b6fb2c315bf4b2a7aa36fd8,0.05738396624472574,57000,5,10000,,SRS013956.tar.bz2,f15f5f3b,6181000
