intersect_bp,f_orig_query,f_match,f_unique_to_query,f_unique_weighted,average_abund,median_abund,std_abund,name,filename,md5,f_match_orig,unique_intersect_bp,gather_result_rank,remaining_bp,query_filename,query_name,query_md5,query_bp
1489000,0.05348035342288629,0.8937575030012005,0.05348035342288629,0.05348035342288629,,,,"GCF_007095465.1 Lactobacillus mulieris strain=c10Ua161M, ASM709546v1",/mnt/HDD/kia/HMP_reference/gtdb-rs207.genomic-reps.dna.k31.zip,534db1f8edeae394e1692f7d57e91234,0.8937575030012005,1489000,0,1160000,,SRS064704.tar.bz2,02a8915d,27842000
987000,0.03545003950865599,0.7505720823798627,0.03534228862869047,0.03534228862869047,,,,"GCF_000160875.1 Lactobacillus iners DSM 13335 strain=DSM 13335, ASM16087v1",/mnt/HDD/kia/HMP_reference/gtdb-rs207.genomic-reps.dna.k31.zip,a3c06acfd6e434dfc80d4cff3cf45af5,0.7528604118993135,984000,1,176000,,SRS064704.tar.bz2,02a8915d,27842000
81000,0.0029092737590690324,0.012476894639556377,0.0029092737590690324,0.0029092737590690324,,,,"GCF_001314995.1 Bacteroides ovatus strain=ATCC 8483, ASM131499v1",/mnt/HDD/kia/HMP_reference/gtdb-rs207.genomic-reps.dna.k31.zip,514bdd6aa640f40cc6414be0e11ec2f6,0.012476894639556377,81000,2,95000,,SRS064704.tar.bz2,02a8915d,27842000
66000,0.0023705193592414337,0.013,0.002334602399252927,0.002334602399252927,,,,"GCF_000012825.1 Bacteroides vulgatus ATCC 8482 strain=ATCC 8482, ASM1282v1",/mnt/HDD/kia/HMP_reference/gtdb-rs207.genomic-reps.dna.k31.zip,960cc77fc7b96d595712107aaa1524b5,0.0132,65000,3,30000,,SRS064704.tar.bz2,02a8915d,27842000
