intersect_bp,f_orig_query,f_match,f_unique_to_query,f_unique_weighted,average_abund,median_abund,std_abund,name,filename,md5,f_match_orig,unique_intersect_bp,gather_result_rank,remaining_bp,query_filename,query_name,query_md5,query_bp
1299000,0.13349090535402322,0.619161105815062,0.13349090535402322,0.13349090535402322,,,,"GCF_018987235.1 Lactobacillus crispatus strain=ATCC 33820, ASM1898723v1",/mnt/HDD/kia/HMP_reference/gtdb-rs207.genomic-reps.dna.k31.zip,6b44659d997543a9bf23901261a5ef0d,0.619161105815062,1299000,0,1477000,,SRS015073.tar.bz2,0667de47,9731000
926000,0.09515979858185182,0.7055682684973302,0.09505703422053231,0.09505703422053231,,,,"GCF_000160875.1 Lactobacillus iners DSM 13335 strain=DSM 13335, ASM16087v1",/mnt/HDD/kia/HMP_reference/gtdb-rs207.genomic-reps.dna.k31.zip,a3c06acfd6e434dfc80d4cff3cf45af5,0.7063310450038138,925000,1,552000,,SRS015073.tar.bz2,0667de47,9731000
201000,0.020655636625218375,0.13163064833005894,0.020655636625218375,0.020655636625218375,,,,"GCF_003293675.1 Gardnerella vaginalis strain=UGent 06.41, ASM329367v1",/mnt/HDD/kia/HMP_reference/gtdb-rs207.genomic-reps.dna.k31.zip,484f50feefbab92e0de323a6a2106c1e,0.13163064833005894,201000,2,351000,,SRS015073.tar.bz2,0667de47,9731000
104000,0.010687493577227418,0.04881516587677725,0.010584729215907923,0.010584729215907923,,,,"GCF_014838735.1 Limosilactobacillus sp. c11Ua_112_M strain=c11Ua_112_M, ASM1483873v1",/mnt/HDD/kia/HMP_reference/gtdb-rs207.genomic-reps.dna.k31.zip,c216842598404bf8b66e002da1157cf9,0.04928909952606635,103000,3,248000,,SRS015073.tar.bz2,0667de47,9731000
108000,0.011098551022505395,0.06411062225015714,0.01048196485458843,0.01048196485458843,,,,"GCF_001436455.1 Lactobacillus jensenii DSM 20557 strain=DSM 20557, ASM143645v1",/mnt/HDD/kia/HMP_reference/gtdb-rs207.genomic-reps.dna.k31.zip,02ae1dee237653b18076f43ca5e8d71b,0.0678818353236958,102000,4,146000,,SRS015073.tar.bz2,0667de47,9731000
81000,0.008323913266879047,0.04594767070835992,0.007399034015003597,0.007399034015003597,,,,"GCF_003397585.1 Gardnerella vaginalis strain=UGent 18.01, ASM339758v1",/mnt/HDD/kia/HMP_reference/gtdb-rs207.genomic-reps.dna.k31.zip,d4c20520d3beeabaca72a076d90a99f1,0.05169112954690491,72000,5,74000,,SRS015073.tar.bz2,0667de47,9731000
