intersect_bp,f_orig_query,f_match,f_unique_to_query,f_unique_weighted,average_abund,median_abund,std_abund,name,filename,md5,f_match_orig,unique_intersect_bp,gather_result_rank,remaining_bp,query_filename,query_name,query_md5,query_bp
333000,0.0719688783228874,0.13703703703703704,0.0719688783228874,0.0719688783228874,,,,"GCF_003030305.1 Cutibacterium acnes strain=ATCC 6919, ASM303030v1",/mnt/HDD/kia/HMP_reference/gtdb-rs207.genomic-reps.dna.k31.zip,ff021938b2e5aeb2c3d43194bd8f6fed,0.13703703703703704,333000,0,676000,,SRS047844.tar.bz2,95b057ce,4627000
215000,0.04646639291117355,0.1183920704845815,0.04646639291117355,0.04646639291117355,,,,"GCF_000245815.1 Dolosigranulum pigrum ATCC 51524 strain=ATCC 51524, Dolo_pigr_ATCC_51524_V1",/mnt/HDD/kia/HMP_reference/gtdb-rs207.genomic-reps.dna.k31.zip,786730e4a7016d177710bc545c7918ca,0.1183920704845815,215000,1,461000,,SRS047844.tar.bz2,95b057ce,4627000
175000,0.037821482602118005,0.07270461154964686,0.037821482602118005,0.037821482602118005,,,,"GCF_000159115.1 Corynebacterium accolens ATCC 49725 strain=ATCC 49725, ASM15911v1",/mnt/HDD/kia/HMP_reference/gtdb-rs207.genomic-reps.dna.k31.zip,30fc14d53964d66f039fe9009573cee3,0.07270461154964686,175000,2,286000,,SRS047844.tar.bz2,95b057ce,4627000
106000,0.02290901231899719,0.02053069920588805,0.02290901231899719,0.02290901231899719,,,,"GCF_000215745.1 Klebsiella aerogenes KCTC 2190 strain=KCTC 2190, ASM21574v1",/mnt/HDD/kia/HMP_reference/gtdb-rs207.genomic-reps.dna.k31.zip,d5555c8c41408ffc6d48109cd0232345,0.02053069920588805,106000,3,180000,,SRS047844.tar.bz2,95b057ce,4627000
91000,0.019667170953101363,0.05732484076433121,0.01945104819537497,0.01945104819537497,,,,"GCA_003241315.1 Lawsonella clevelandensis, ASM324131v1",/mnt/HDD/kia/HMP_reference/gtdb-rs207.genomic-reps.dna.k31.zip,615e5c6c38f626bff2360eec57680c79,0.05796178343949045,90000,4,90000,,SRS047844.tar.bz2,95b057ce,4627000
65000,0.014047979252215258,0.016817593790426907,0.014047979252215258,0.014047979252215258,,,,"GCF_000160755.1 Proteus mirabilis ATCC 29906 strain=ATCC 29906, ASM16075v1",/mnt/HDD/kia/HMP_reference/gtdb-rs207.genomic-reps.dna.k31.zip,f05927b88353192bb38076e85b19fe98,0.016817593790426907,65000,5,25000,,SRS047844.tar.bz2,95b057ce,4627000
