intersect_bp,f_orig_query,f_match,f_unique_to_query,f_unique_weighted,average_abund,median_abund,std_abund,name,filename,md5,f_match_orig,unique_intersect_bp,gather_result_rank,remaining_bp,query_filename,query_name,query_md5,query_bp
1352000,0.1747221504264668,0.6444232602478551,0.1747221504264668,0.1747221504264668,,,,"GCF_018987235.1 Lactobacillus crispatus strain=ATCC 33820, ASM1898723v1",/mnt/HDD/kia/HMP_reference/gtdb-rs207.genomic-reps.dna.k31.zip,6b44659d997543a9bf23901261a5ef0d,0.6444232602478551,1352000,0,1857000,,SRS044742.tar.bz2,69e7b699,7738000
836000,0.10803825277849574,0.6369183829138062,0.10790902041871285,0.10790902041871285,,,,"GCF_000160875.1 Lactobacillus iners DSM 13335 strain=DSM 13335, ASM16087v1",/mnt/HDD/kia/HMP_reference/gtdb-rs207.genomic-reps.dna.k31.zip,a3c06acfd6e434dfc80d4cff3cf45af5,0.6376811594202898,835000,1,1022000,,SRS044742.tar.bz2,69e7b699,7738000
382000,0.04936676143706384,0.2363293526084224,0.0485913672783665,0.0485913672783665,,,,"GCF_001436455.1 Lactobacillus jensenii DSM 20557 strain=DSM 20557, ASM143645v1",/mnt/HDD/kia/HMP_reference/gtdb-rs207.genomic-reps.dna.k31.zip,02ae1dee237653b18076f43ca5e8d71b,0.24010056568196103,376000,2,646000,,SRS044742.tar.bz2,69e7b699,7738000
284000,0.03670199017834066,0.17415384615384616,0.03657275781855777,0.03657275781855777,,,,"GCF_003397705.1 Gardnerella vaginalis strain=GS 9838-1, ASM339770v1",/mnt/HDD/kia/HMP_reference/gtdb-rs207.genomic-reps.dna.k31.zip,b3992f37f619f71dc8a057744f314734,0.17476923076923076,283000,3,363000,,SRS044742.tar.bz2,69e7b699,7738000
172000,0.022227965882657016,0.08104265402843602,0.02209873352287413,0.02209873352287413,,,,"GCF_014838735.1 Limosilactobacillus sp. c11Ua_112_M strain=c11Ua_112_M, ASM1483873v1",/mnt/HDD/kia/HMP_reference/gtdb-rs207.genomic-reps.dna.k31.zip,c216842598404bf8b66e002da1157cf9,0.08151658767772511,171000,4,192000,,SRS044742.tar.bz2,69e7b699,7738000
89000,0.011501680020677177,0.045050385299347954,0.009821659343499612,0.009821659343499612,,,,"GCF_001042655.1 Gardnerella vaginalis ATCC 14018 = JCM 11026 strain=JCM 11026, ASM104265v1",/mnt/HDD/kia/HMP_reference/gtdb-rs207.genomic-reps.dna.k31.zip,7c2bc6624dc89657447afc0395aec324,0.05275637225844695,76000,5,116000,,SRS044742.tar.bz2,69e7b699,7738000
