intersect_bp,f_orig_query,f_match,f_unique_to_query,f_unique_weighted,average_abund,median_abund,std_abund,name,filename,md5,f_match_orig,unique_intersect_bp,gather_result_rank,remaining_bp,query_filename,query_name,query_md5,query_bp
1533000,0.1665761164837553,0.9635449402891263,0.1665761164837553,0.1665761164837553,,,,"GCF_001436455.1 Lactobacillus jensenii DSM 20557 strain=DSM 20557, ASM143645v1",/mnt/HDD/kia/HMP_reference/gtdb-rs207.genomic-reps.dna.k31.zip,02ae1dee237653b18076f43ca5e8d71b,0.9635449402891263,1533000,0,1519000,,SRS065347.tar.bz2,6f57b67d,9203000
1377000,0.14962512224274693,0.6544327931363203,0.14919048136477236,0.14919048136477236,,,,"GCF_018987235.1 Lactobacillus crispatus strain=ATCC 33820, ASM1898723v1",/mnt/HDD/kia/HMP_reference/gtdb-rs207.genomic-reps.dna.k31.zip,6b44659d997543a9bf23901261a5ef0d,0.6563393708293613,1373000,1,146000,,SRS065347.tar.bz2,6f57b67d,9203000
92000,0.00999674019341519,0.12849162011173185,0.00999674019341519,0.00999674019341519,,,,"GCF_000019345.1 Ureaplasma parvum serovar 3 str. ATCC 27815 strain=ATCC 27815, ASM1934v1",/mnt/HDD/kia/HMP_reference/gtdb-rs207.genomic-reps.dna.k31.zip,9e3553982cc8560db06ccfa0271dd519,0.12849162011173185,92000,2,54000,,SRS065347.tar.bz2,6f57b67d,9203000
