intersect_bp,f_orig_query,f_match,f_unique_to_query,f_unique_weighted,average_abund,median_abund,std_abund,name,filename,md5,f_match_orig,unique_intersect_bp,gather_result_rank,remaining_bp,query_filename,query_name,query_md5,query_bp
1407000,0.19070208728652752,0.6706387035271687,0.19070208728652752,0.19070208728652752,,,,"GCF_018987235.1 Lactobacillus crispatus strain=ATCC 33820, ASM1898723v1",/mnt/HDD/kia/HMP_reference/gtdb-rs207.genomic-reps.dna.k31.zip,6b44659d997543a9bf23901261a5ef0d,0.6706387035271687,1407000,0,953000,,SRS017520.tar.bz2,83998adc,7378000
844000,0.11439414475467606,0.5279698302954117,0.11385199240986717,0.11385199240986717,,,,"GCF_001436455.1 Lactobacillus jensenii DSM 20557 strain=DSM 20557, ASM143645v1",/mnt/HDD/kia/HMP_reference/gtdb-rs207.genomic-reps.dna.k31.zip,02ae1dee237653b18076f43ca5e8d71b,0.5304839723444374,840000,1,113000,,SRS017520.tar.bz2,83998adc,7378000
56000,0.007590132827324478,0.022819885900570498,0.007590132827324478,0.007590132827324478,,,,"GCF_006094395.1 Staphylococcus haemolyticus strain=ATCC 29970, ASM609439v1",/mnt/HDD/kia/HMP_reference/gtdb-rs207.genomic-reps.dna.k31.zip,02baeab2d7c4c0fab803f944ddd1410a,0.022819885900570498,56000,2,57000,,SRS017520.tar.bz2,83998adc,7378000
