intersect_bp,f_orig_query,f_match,f_unique_to_query,f_unique_weighted,average_abund,median_abund,std_abund,name,filename,md5,f_match_orig,unique_intersect_bp,gather_result_rank,remaining_bp,query_filename,query_name,query_md5,query_bp
1440000,0.1359644981588141,0.6863679694947569,0.1359644981588141,0.1359644981588141,,,,"GCF_018987235.1 Lactobacillus crispatus strain=ATCC 33820, ASM1898723v1",/mnt/HDD/kia/HMP_reference/gtdb-rs207.genomic-reps.dna.k31.zip,6b44659d997543a9bf23901261a5ef0d,0.6863679694947569,1440000,0,1574000,,SRS022158.tar.bz2,0e6255cd,10591000
1125000,0.1062222641865735,0.704588309239472,0.10584458502502124,0.10584458502502124,,,,"GCF_001436455.1 Lactobacillus jensenii DSM 20557 strain=DSM 20557, ASM143645v1",/mnt/HDD/kia/HMP_reference/gtdb-rs207.genomic-reps.dna.k31.zip,02ae1dee237653b18076f43ca5e8d71b,0.7071024512884978,1121000,1,453000,,SRS022158.tar.bz2,0e6255cd,10591000
147000,0.013879709187045605,0.08013737836290784,0.013218770654329148,0.013218770654329148,,,,"GCF_000014425.1 Lactobacillus gasseri ATCC 33323 = JCM 1131 strain=ATCC 33323, ASM1442v1",/mnt/HDD/kia/HMP_reference/gtdb-rs207.genomic-reps.dna.k31.zip,60d4841431ff37636c255efbaf97e19a,0.08414424728105323,140000,2,313000,,SRS022158.tar.bz2,0e6255cd,10591000
122000,0.01151921442734397,0.06431207169214549,0.01151921442734397,0.01151921442734397,,,,"GCF_014838745.1 Limosilactobacillus sp. c9Ua_26_M strain=c9Ua_26_M, ASM1483874v1",/mnt/HDD/kia/HMP_reference/gtdb-rs207.genomic-reps.dna.k31.zip,8793d86c7eddccb37ea25a96fe6dd835,0.06431207169214549,122000,3,191000,,SRS022158.tar.bz2,0e6255cd,10591000
113000,0.010669436313851383,0.15782122905027932,0.010669436313851383,0.010669436313851383,,,,"GCF_000019345.1 Ureaplasma parvum serovar 3 str. ATCC 27815 strain=ATCC 27815, ASM1934v1",/mnt/HDD/kia/HMP_reference/gtdb-rs207.genomic-reps.dna.k31.zip,9e3553982cc8560db06ccfa0271dd519,0.15782122905027932,113000,4,78000,,SRS022158.tar.bz2,0e6255cd,10591000
