intersect_bp,f_orig_query,f_match,f_unique_to_query,f_unique_weighted,average_abund,median_abund,std_abund,name,filename,md5,f_match_orig,unique_intersect_bp,gather_result_rank,remaining_bp,query_filename,query_name,query_md5,query_bp
1560000,0.1667735728030789,0.9805153991200503,0.1667735728030789,0.1667735728030789,,,,"GCF_001436455.1 Lactobacillus jensenii DSM 20557 strain=DSM 20557, ASM143645v1",/mnt/HDD/kia/HMP_reference/gtdb-rs207.genomic-reps.dna.k31.zip,02ae1dee237653b18076f43ca5e8d71b,0.9805153991200503,1560000,0,339000,,SRS052330.tar.bz2,b0464b45,9354000
280000,0.029933718195424418,0.1509433962264151,0.029933718195424418,0.029933718195424418,,,,"GCF_000159435.1 Lactobacillus vaginalis DSM 5837 = ATCC 49540 strain=ATCC 49540, ASM15943v1",/mnt/HDD/kia/HMP_reference/gtdb-rs207.genomic-reps.dna.k31.zip,db7466cd5e08e08f678e9aaab47ec66c,0.1509433962264151,280000,1,59000,,SRS052330.tar.bz2,b0464b45,9354000
50000,0.005345306820611503,0.014064697609001406,0.005345306820611503,0.005345306820611503,,,,"GCF_001403635.1 Clostridium sp. ND2 strain=ND2, Clostridium massilioamazoniensis",/mnt/HDD/kia/HMP_reference/gtdb-rs207.genomic-reps.dna.k31.zip,91f096dcafe4fad61abd7b23307ce645,0.014064697609001406,50000,2,9000,,SRS052330.tar.bz2,b0464b45,9354000
