intersect_bp,f_orig_query,f_match,f_unique_to_query,f_unique_weighted,average_abund,median_abund,std_abund,name,filename,md5,f_match_orig,unique_intersect_bp,gather_result_rank,remaining_bp,query_filename,query_name,query_md5,query_bp
913000,0.09098156452416542,0.5815286624203821,0.09098156452416542,0.09098156452416542,,,,"GCA_003241315.1 Lawsonella clevelandensis, ASM324131v1",/mnt/HDD/kia/HMP_reference/gtdb-rs207.genomic-reps.dna.k31.zip,615e5c6c38f626bff2360eec57680c79,0.5815286624203821,913000,0,1371000,,SRS052590.tar.bz2,11dadede,10035000
347000,0.03457897359242651,0.1332560834298957,0.0343796711509716,0.0343796711509716,,,,"GCF_002154655.1 Corynebacterium kefirresidentii strain=SB, ASM215465v1",/mnt/HDD/kia/HMP_reference/gtdb-rs207.genomic-reps.dna.k31.zip,6a7c544dce2b6d683a1acb703e969a91,0.1340285824642719,345000,1,1026000,,SRS052590.tar.bz2,11dadede,10035000
331000,0.03298455406078724,0.13169921063564602,0.03158943697060289,0.03158943697060289,,,,"GCF_000159115.1 Corynebacterium accolens ATCC 49725 strain=ATCC 49725, ASM15911v1",/mnt/HDD/kia/HMP_reference/gtdb-rs207.genomic-reps.dna.k31.zip,30fc14d53964d66f039fe9009573cee3,0.13751557955961777,317000,2,709000,,SRS052590.tar.bz2,11dadede,10035000
265000,0.026407573492775286,0.1121930567315834,0.026407573492775286,0.026407573492775286,,,,"GCF_006742205.1 Staphylococcus epidermidis strain=NBRC 100911, ASM674220v1",/mnt/HDD/kia/HMP_reference/gtdb-rs207.genomic-reps.dna.k31.zip,573514f3d349904ef56eb74c28c247d7,0.1121930567315834,265000,3,444000,,SRS052590.tar.bz2,11dadede,10035000
221000,0.022022919780767314,0.09094650205761316,0.022022919780767314,0.022022919780767314,,,,"GCF_003030305.1 Cutibacterium acnes strain=ATCC 6919, ASM303030v1",/mnt/HDD/kia/HMP_reference/gtdb-rs207.genomic-reps.dna.k31.zip,ff021938b2e5aeb2c3d43194bd8f6fed,0.09094650205761316,221000,4,223000,,SRS052590.tar.bz2,11dadede,10035000
136000,0.013552566018933732,0.026341274452837498,0.013552566018933732,0.013552566018933732,,,,"GCF_000215745.1 Klebsiella aerogenes KCTC 2190 strain=KCTC 2190, ASM21574v1",/mnt/HDD/kia/HMP_reference/gtdb-rs207.genomic-reps.dna.k31.zip,d5555c8c41408ffc6d48109cd0232345,0.026341274452837498,136000,5,87000,,SRS052590.tar.bz2,11dadede,10035000
