intersect_bp,f_orig_query,f_match,f_unique_to_query,f_unique_weighted,average_abund,median_abund,std_abund,name,filename,md5,f_match_orig,unique_intersect_bp,gather_result_rank,remaining_bp,query_filename,query_name,query_md5,query_bp
1605000,0.35051321249181044,0.9633853541416567,0.35051321249181044,0.35051321249181044,,,,"GCF_007095465.1 Lactobacillus mulieris strain=c10Ua161M, ASM709546v1",/mnt/HDD/kia/HMP_reference/gtdb-rs207.genomic-reps.dna.k31.zip,534db1f8edeae394e1692f7d57e91234,0.9633853541416567,1605000,0,120000,,SRS011584.tar.bz2,388c9315,4579000
118000,0.02576981873771566,0.06994665085951393,0.02576981873771566,0.02576981873771566,,,,"GCF_001042655.1 Gardnerella vaginalis ATCC 14018 = JCM 11026 strain=JCM 11026, ASM104265v1",/mnt/HDD/kia/HMP_reference/gtdb-rs207.genomic-reps.dna.k31.zip,7c2bc6624dc89657447afc0395aec324,0.06994665085951393,118000,1,2000,,SRS011584.tar.bz2,388c9315,4579000
