intersect_bp,f_orig_query,f_match,f_unique_to_query,f_unique_weighted,average_abund,median_abund,std_abund,name,filename,md5,f_match_orig,unique_intersect_bp,gather_result_rank,remaining_bp,query_filename,query_name,query_md5,query_bp
1675000,0.08529816163365077,0.9587864911276474,0.08529816163365077,0.08529816163365077,,,,"GCF_000014425.1 Lactobacillus gasseri ATCC 33323 = JCM 1131 strain=ATCC 33323, ASM1442v1",/mnt/HDD/kia/HMP_reference/gtdb-rs207.genomic-reps.dna.k31.zip,60d4841431ff37636c255efbaf97e19a,0.9587864911276474,1675000,0,1041000,,SRS016584.tar.bz2,d477b232,19637000
1403000,0.07144675866985792,0.5261793675479524,0.05168813973621225,0.05168813973621225,,,,"GCF_003584685.1 Lactobacillus paragasseri strain=JCM 5343, ASM358468v1",/mnt/HDD/kia/HMP_reference/gtdb-rs207.genomic-reps.dna.k31.zip,140971a553c83aacdcd379fbd605b0f0,0.7273198548470711,1015000,1,26000,,SRS016584.tar.bz2,d477b232,19637000
