intersect_bp,f_orig_query,f_match,f_unique_to_query,f_unique_weighted,average_abund,median_abund,std_abund,name,filename,md5,f_match_orig,unique_intersect_bp,gather_result_rank,remaining_bp,query_filename,query_name,query_md5,query_bp
1376000,0.0264768135462767,0.655862726406101,0.0264768135462767,0.0264768135462767,,,,"GCF_018987235.1 Lactobacillus crispatus strain=ATCC 33820, ASM1898723v1",/mnt/HDD/kia/HMP_reference/gtdb-rs207.genomic-reps.dna.k31.zip,6b44659d997543a9bf23901261a5ef0d,0.655862726406101,1376000,0,1071000,,SRS011355.tar.bz2,b110563a,51970000
323000,0.006215124110063498,0.1908763505402161,0.006118914758514528,0.006118914758514528,,,,"GCF_007095465.1 Lactobacillus mulieris strain=c10Ua161M, ASM709546v1",/mnt/HDD/kia/HMP_reference/gtdb-rs207.genomic-reps.dna.k31.zip,534db1f8edeae394e1692f7d57e91234,0.19387755102040816,318000,1,753000,,SRS011355.tar.bz2,b110563a,51970000
296000,0.005695593611699057,0.14028436018957346,0.005695593611699057,0.005695593611699057,,,,"GCF_014838735.1 Limosilactobacillus sp. c11Ua_112_M strain=c11Ua_112_M, ASM1483873v1",/mnt/HDD/kia/HMP_reference/gtdb-rs207.genomic-reps.dna.k31.zip,c216842598404bf8b66e002da1157cf9,0.14028436018957346,296000,2,457000,,SRS011355.tar.bz2,b110563a,51970000
201000,0.0038676159322686165,0.056540084388185655,0.0038676159322686165,0.0038676159322686165,,,,"GCF_001403635.1 Clostridium sp. ND2 strain=ND2, Clostridium massilioamazoniensis",/mnt/HDD/kia/HMP_reference/gtdb-rs207.genomic-reps.dna.k31.zip,91f096dcafe4fad61abd7b23307ce645,0.056540084388185655,201000,3,256000,,SRS011355.tar.bz2,b110563a,51970000
181000,0.003482778526072734,0.13653699466056446,0.003444294785453146,0.003444294785453146,,,,"GCF_000160875.1 Lactobacillus iners DSM 13335 strain=DSM 13335, ASM16087v1",/mnt/HDD/kia/HMP_reference/gtdb-rs207.genomic-reps.dna.k31.zip,a3c06acfd6e434dfc80d4cff3cf45af5,0.13806254767353165,179000,4,77000,,SRS011355.tar.bz2,b110563a,51970000
