intersect_bp,f_orig_query,f_match,f_unique_to_query,f_unique_weighted,average_abund,median_abund,std_abund,name,filename,md5,f_match_orig,unique_intersect_bp,gather_result_rank,remaining_bp,query_filename,query_name,query_md5,query_bp
1530000,0.18704156479217604,0.961659333752357,0.18704156479217604,0.18704156479217604,,,,"GCF_001436455.1 Lactobacillus jensenii DSM 20557 strain=DSM 20557, ASM143645v1",/mnt/HDD/kia/HMP_reference/gtdb-rs207.genomic-reps.dna.k31.zip,02ae1dee237653b18076f43ca5e8d71b,0.961659333752357,1530000,0,112000,,SRS014629.tar.bz2,f6c478a7,8180000
108000,0.013202933985330073,0.02210849539406346,0.013202933985330073,0.013202933985330073,,,,"GCF_001632805.1 Mycobacteroides chelonae CCUG 47445 strain=CCUG 47445, ASM163280v1",/mnt/HDD/kia/HMP_reference/gtdb-rs207.genomic-reps.dna.k31.zip,08be43726a16e45e243f5b26b431a830,0.02210849539406346,108000,1,4000,,SRS014629.tar.bz2,f6c478a7,8180000
