intersect_bp,f_orig_query,f_match,f_unique_to_query,f_unique_weighted,average_abund,median_abund,std_abund,name,filename,md5,f_match_orig,unique_intersect_bp,gather_result_rank,remaining_bp,query_filename,query_name,query_md5,query_bp
1374000,0.06421460952469972,0.6549094375595805,0.06421460952469972,0.06421460952469972,,,,"GCF_018987235.1 Lactobacillus crispatus strain=ATCC 33820, ASM1898723v1",/mnt/HDD/kia/HMP_reference/gtdb-rs207.genomic-reps.dna.k31.zip,6b44659d997543a9bf23901261a5ef0d,0.6549094375595805,1374000,0,1095000,,SRS057807.tar.bz2,322791c9,21397000
982000,0.04589428424545497,0.6147077309868008,0.0457073421507688,0.0457073421507688,,,,"GCF_001436455.1 Lactobacillus jensenii DSM 20557 strain=DSM 20557, ASM143645v1",/mnt/HDD/kia/HMP_reference/gtdb-rs207.genomic-reps.dna.k31.zip,02ae1dee237653b18076f43ca5e8d71b,0.6172218730358265,978000,1,117000,,SRS057807.tar.bz2,322791c9,21397000
63000,0.0029443379913071926,0.01099092812281926,0.0029443379913071926,0.0029443379913071926,,,,"GCF_004367745.1 Herbaspirillum huttiense strain=NFYY 53159, ASM436774v1",/mnt/HDD/kia/HMP_reference/gtdb-rs207.genomic-reps.dna.k31.zip,7dde5370ebfef46ee947a2ae4419fc41,0.01099092812281926,63000,2,54000,,SRS057807.tar.bz2,322791c9,21397000
