intersect_bp,f_orig_query,f_match,f_unique_to_query,f_unique_weighted,average_abund,median_abund,std_abund,name,filename,md5,f_match_orig,unique_intersect_bp,gather_result_rank,remaining_bp,query_filename,query_name,query_md5,query_bp
1414000,0.12573359416681487,0.8093875214653692,0.12573359416681487,0.12573359416681487,,,,"GCF_000014425.1 Lactobacillus gasseri ATCC 33323 = JCM 1131 strain=ATCC 33323, ASM1442v1",/mnt/HDD/kia/HMP_reference/gtdb-rs207.genomic-reps.dna.k31.zip,60d4841431ff37636c255efbaf97e19a,0.8093875214653692,1414000,0,604000,,SRS022734.tar.bz2,a44f11b5,11246000
467000,0.041525875866974926,0.2063632346442775,0.041525875866974926,0.041525875866974926,,,,"GCF_001025175.1 Bifidobacterium breve DSM 20213 = JCM 1192 strain=JCM 1192, ASM102517v1",/mnt/HDD/kia/HMP_reference/gtdb-rs207.genomic-reps.dna.k31.zip,5b35d29b8aea785944e63067477c30a6,0.2063632346442775,467000,1,137000,,SRS022734.tar.bz2,a44f11b5,11246000
482000,0.04285968344300196,0.06480041472265423,0.011115063133558598,0.011115063133558598,,,,"GCF_003584685.1 Lactobacillus paragasseri strain=JCM 5343, ASM358468v1",/mnt/HDD/kia/HMP_reference/gtdb-rs207.genomic-reps.dna.k31.zip,140971a553c83aacdcd379fbd605b0f0,0.2498703991705547,125000,2,12000,,SRS022734.tar.bz2,a44f11b5,11246000
