intersect_bp,f_orig_query,f_match,f_unique_to_query,f_unique_weighted,average_abund,median_abund,std_abund,name,filename,md5,f_match_orig,unique_intersect_bp,gather_result_rank,remaining_bp,query_filename,query_name,query_md5,query_bp
1030000,0.17095435684647303,0.46839472487494316,0.17095435684647303,0.17095435684647303,,,,"GCF_001679005.1 Moraxella nonliquefaciens strain=CCUG 348, ASM167900v1",/mnt/HDD/kia/HMP_reference/gtdb-rs207.genomic-reps.dna.k31.zip,6be8f14666fc6f37947f0fa1e6c9b423,0.46839472487494316,1030000,0,1459000,,SRS015640.tar.bz2,b9881d05,6025000
717000,0.11900414937759336,0.318808359270787,0.11900414937759336,0.11900414937759336,,,,"GCF_000688415.1 Corynebacterium pseudodiphtheriticum DSM 44287 strain=DSM 44287, ASM68841v1",/mnt/HDD/kia/HMP_reference/gtdb-rs207.genomic-reps.dna.k31.zip,959fe9cdced42dc4a88ae7978625c47e,0.318808359270787,717000,1,742000,,SRS015640.tar.bz2,b9881d05,6025000
262000,0.043485477178423236,0.10781893004115227,0.043485477178423236,0.043485477178423236,,,,"GCF_003030305.1 Cutibacterium acnes strain=ATCC 6919, ASM303030v1",/mnt/HDD/kia/HMP_reference/gtdb-rs207.genomic-reps.dna.k31.zip,ff021938b2e5aeb2c3d43194bd8f6fed,0.10781893004115227,262000,2,480000,,SRS015640.tar.bz2,b9881d05,6025000
250000,0.04149377593360996,0.13766519823788545,0.04149377593360996,0.04149377593360996,,,,"GCF_000245815.1 Dolosigranulum pigrum ATCC 51524 strain=ATCC 51524, Dolo_pigr_ATCC_51524_V1",/mnt/HDD/kia/HMP_reference/gtdb-rs207.genomic-reps.dna.k31.zip,786730e4a7016d177710bc545c7918ca,0.13766519823788545,250000,3,230000,,SRS015640.tar.bz2,b9881d05,6025000
91000,0.015103734439834026,0.05796178343949045,0.015103734439834026,0.015103734439834026,,,,"GCA_003241315.1 Lawsonella clevelandensis, ASM324131v1",/mnt/HDD/kia/HMP_reference/gtdb-rs207.genomic-reps.dna.k31.zip,615e5c6c38f626bff2360eec57680c79,0.05796178343949045,91000,4,139000,,SRS015640.tar.bz2,b9881d05,6025000
