intersect_bp,f_orig_query,f_match,f_unique_to_query,f_unique_weighted,average_abund,median_abund,std_abund,name,filename,md5,f_match_orig,unique_intersect_bp,gather_result_rank,remaining_bp,query_filename,query_name,query_md5,query_bp
1743000,0.100827211199167,0.7702165267344233,0.100827211199167,0.100827211199167,,,,"GCF_001025175.1 Bifidobacterium breve DSM 20213 = JCM 1192 strain=JCM 1192, ASM102517v1",/mnt/HDD/kia/HMP_reference/gtdb-rs207.genomic-reps.dna.k31.zip,5b35d29b8aea785944e63067477c30a6,0.7702165267344233,1743000,0,1627000,,SRS052620.tar.bz2,62e8335a,17287000
1418000,0.08202695667264419,0.8116771608471666,0.08202695667264419,0.08202695667264419,,,,"GCF_000014425.1 Lactobacillus gasseri ATCC 33323 = JCM 1131 strain=ATCC 33323, ASM1442v1",/mnt/HDD/kia/HMP_reference/gtdb-rs207.genomic-reps.dna.k31.zip,60d4841431ff37636c255efbaf97e19a,0.8116771608471666,1418000,1,209000,,SRS052620.tar.bz2,62e8335a,17287000
480000,0.02776652976224909,0.06324520476931052,0.007057326314571643,0.007057326314571643,,,,"GCF_003584685.1 Lactobacillus paragasseri strain=JCM 5343, ASM358468v1",/mnt/HDD/kia/HMP_reference/gtdb-rs207.genomic-reps.dna.k31.zip,140971a553c83aacdcd379fbd605b0f0,0.24883359253499224,122000,2,87000,,SRS052620.tar.bz2,62e8335a,17287000
