intersect_bp,f_orig_query,f_match,f_unique_to_query,f_unique_weighted,average_abund,median_abund,std_abund,name,filename,md5,f_match_orig,unique_intersect_bp,gather_result_rank,remaining_bp,query_filename,query_name,query_md5,query_bp
1002000,0.10180857549278602,0.4123456790123457,0.10180857549278602,0.10180857549278602,,,,"GCF_003030305.1 Cutibacterium acnes strain=ATCC 6919, ASM303030v1",/mnt/HDD/kia/HMP_reference/gtdb-rs207.genomic-reps.dna.k31.zip,ff021938b2e5aeb2c3d43194bd8f6fed,0.4123456790123457,1002000,0,1244000,,SRS024641.tar.bz2,8bcef91a,9842000
736000,0.07478154846575899,0.3595505617977528,0.07478154846575899,0.07478154846575899,,,,"GCF_002014765.1 Moraxella lincolnii strain=CCUG 9405, ASM201476v1",/mnt/HDD/kia/HMP_reference/gtdb-rs207.genomic-reps.dna.k31.zip,db5a0edfe7cf62d2cadd7ca7c2113ab0,0.3595505617977528,736000,1,508000,,SRS024641.tar.bz2,8bcef91a,9842000
203000,0.020625889046941678,0.0859441151566469,0.020625889046941678,0.020625889046941678,,,,"GCF_006742205.1 Staphylococcus epidermidis strain=NBRC 100911, ASM674220v1",/mnt/HDD/kia/HMP_reference/gtdb-rs207.genomic-reps.dna.k31.zip,573514f3d349904ef56eb74c28c247d7,0.0859441151566469,203000,2,305000,,SRS024641.tar.bz2,8bcef91a,9842000
199000,0.020219467587888642,0.0398,0.020219467587888642,0.020219467587888642,,,,"GCF_000012825.1 Bacteroides vulgatus ATCC 8482 strain=ATCC 8482, ASM1282v1",/mnt/HDD/kia/HMP_reference/gtdb-rs207.genomic-reps.dna.k31.zip,960cc77fc7b96d595712107aaa1524b5,0.0398,199000,3,106000,,SRS024641.tar.bz2,8bcef91a,9842000
61000,0.0061979272505588295,0.023561220548474315,0.0061979272505588295,0.0061979272505588295,,,,"GCF_002154655.1 Corynebacterium kefirresidentii strain=SB, ASM215465v1",/mnt/HDD/kia/HMP_reference/gtdb-rs207.genomic-reps.dna.k31.zip,6a7c544dce2b6d683a1acb703e969a91,0.023561220548474315,61000,4,45000,,SRS024641.tar.bz2,8bcef91a,9842000
