intersect_bp,f_orig_query,f_match,f_unique_to_query,f_unique_weighted,average_abund,median_abund,std_abund,name,filename,md5,f_match_orig,unique_intersect_bp,gather_result_rank,remaining_bp,query_filename,query_name,query_md5,query_bp
1400000,0.13492675404780263,0.667302192564347,0.13492675404780263,0.13492675404780263,,,,"GCF_018987235.1 Lactobacillus crispatus strain=ATCC 33820, ASM1898723v1",/mnt/HDD/kia/HMP_reference/gtdb-rs207.genomic-reps.dna.k31.zip,6b44659d997543a9bf23901261a5ef0d,0.667302192564347,1400000,0,130000,,SRS018769.tar.bz2,d951b532,10376000
72000,0.006939090208172706,0.02987551867219917,0.006939090208172706,0.006939090208172706,,,,"GCF_014288065.1 Ruminococcus sp. NSJ-71 strain=NSJ-71, ASM1428806v1",/mnt/HDD/kia/HMP_reference/gtdb-rs207.genomic-reps.dna.k31.zip,a82c0a649a959e8faf2ec11dca435245,0.02987551867219917,72000,1,58000,,SRS018769.tar.bz2,d951b532,10376000
