intersect_bp,f_orig_query,f_match,f_unique_to_query,f_unique_weighted,average_abund,median_abund,std_abund,name,filename,md5,f_match_orig,unique_intersect_bp,gather_result_rank,remaining_bp,query_filename,query_name,query_md5,query_bp
692000,0.12102133613151451,0.2847736625514403,0.12102133613151451,0.12102133613151451,,,,"GCF_003030305.1 Cutibacterium acnes strain=ATCC 6919, ASM303030v1",/mnt/HDD/kia/HMP_reference/gtdb-rs207.genomic-reps.dna.k31.zip,ff021938b2e5aeb2c3d43194bd8f6fed,0.2847736625514403,692000,0,1040000,,SRS056210.tar.bz2,59509b1a,5718000
540000,0.0944386149003148,0.2286198137171888,0.0944386149003148,0.0944386149003148,,,,"GCF_006742205.1 Staphylococcus epidermidis strain=NBRC 100911, ASM674220v1",/mnt/HDD/kia/HMP_reference/gtdb-rs207.genomic-reps.dna.k31.zip,573514f3d349904ef56eb74c28c247d7,0.2286198137171888,540000,1,500000,,SRS056210.tar.bz2,59509b1a,5718000
185000,0.03235396991955229,0.1724137931034483,0.03235396991955229,0.03235396991955229,,,,"GCA_003248485.1 Francisella sp., ASM324848v1",/mnt/HDD/kia/HMP_reference/gtdb-rs207.genomic-reps.dna.k31.zip,89e23aa6dc902099f68f4c95232a0111,0.1724137931034483,185000,2,315000,,SRS056210.tar.bz2,59509b1a,5718000
178000,0.03112976565232599,0.061840669334303384,0.029730675061210212,0.029730675061210212,,,,"GCF_001027105.1 Staphylococcus aureus subsp. aureus DSM 20231 strain=DSM 20231, ASM102710v1",/mnt/HDD/kia/HMP_reference/gtdb-rs207.genomic-reps.dna.k31.zip,185d23ed7456f793b36f5c5f7f0a4c80,0.06475081847944707,170000,3,145000,,SRS056210.tar.bz2,59509b1a,5718000
145000,0.025358516963973416,0.09235668789808917,0.025358516963973416,0.025358516963973416,,,,"GCA_003241315.1 Lawsonella clevelandensis, ASM324131v1",/mnt/HDD/kia/HMP_reference/gtdb-rs207.genomic-reps.dna.k31.zip,615e5c6c38f626bff2360eec57680c79,0.09235668789808917,145000,4,0,,SRS056210.tar.bz2,59509b1a,5718000
