intersect_bp,f_orig_query,f_match,f_unique_to_query,f_unique_weighted,average_abund,median_abund,std_abund,name,filename,md5,f_match_orig,unique_intersect_bp,gather_result_rank,remaining_bp,query_filename,query_name,query_md5,query_bp
1345000,0.07486363130357342,0.6410867492850334,0.07486363130357342,0.07486363130357342,,,,"GCF_018987235.1 Lactobacillus crispatus strain=ATCC 33820, ASM1898723v1",/mnt/HDD/kia/HMP_reference/gtdb-rs207.genomic-reps.dna.k31.zip,6b44659d997543a9bf23901261a5ef0d,0.6410867492850334,1345000,0,1350000,,SRS020349.tar.bz2,9b97dc35,17966000
496000,0.02760770343983079,0.2940130409010077,0.02760770343983079,0.02760770343983079,,,,"GCF_001042655.1 Gardnerella vaginalis ATCC 14018 = JCM 11026 strain=JCM 11026, ASM104265v1",/mnt/HDD/kia/HMP_reference/gtdb-rs207.genomic-reps.dna.k31.zip,7c2bc6624dc89657447afc0395aec324,0.2940130409010077,496000,1,854000,,SRS020349.tar.bz2,9b97dc35,17966000
377000,0.020984081041968163,0.04884685151593677,0.020984081041968163,0.020984081041968163,,,,"GCF_900446215.1 Burkholderia cenocepacia strain=NCTC13227, 51699_B01",/mnt/HDD/kia/HMP_reference/gtdb-rs207.genomic-reps.dna.k31.zip,3812114c420d09ec2c208f830ef55d12,0.04884685151593677,377000,2,477000,,SRS020349.tar.bz2,9b97dc35,17966000
262000,0.014583101413781588,0.07369901547116738,0.014583101413781588,0.014583101413781588,,,,"GCF_001403635.1 Clostridium sp. ND2 strain=ND2, Clostridium massilioamazoniensis",/mnt/HDD/kia/HMP_reference/gtdb-rs207.genomic-reps.dna.k31.zip,91f096dcafe4fad61abd7b23307ce645,0.07369901547116738,262000,3,215000,,SRS020349.tar.bz2,9b97dc35,17966000
61000,0.0033953022375598353,0.00870720188902007,0.003283980852721808,0.003283980852721808,,,,"GCF_001457475.1 Achromobacter xylosoxidans strain=NCTC10807, NCTC10807",/mnt/HDD/kia/HMP_reference/gtdb-rs207.genomic-reps.dna.k31.zip,6dd0a7ca6850c99ecb90e4706a47c1d3,0.009002361275088548,59000,4,156000,,SRS020349.tar.bz2,9b97dc35,17966000
