intersect_bp,f_orig_query,f_match,f_unique_to_query,f_unique_weighted,average_abund,median_abund,std_abund,name,filename,md5,f_match_orig,unique_intersect_bp,gather_result_rank,remaining_bp,query_filename,query_name,query_md5,query_bp
1012000,0.18747684327528713,0.41646090534979424,0.18747684327528713,0.18747684327528713,,,,"GCF_003030305.1 Cutibacterium acnes strain=ATCC 6919, ASM303030v1",/mnt/HDD/kia/HMP_reference/gtdb-rs207.genomic-reps.dna.k31.zip,ff021938b2e5aeb2c3d43194bd8f6fed,0.41646090534979424,1012000,0,668000,,SRS012291.tar.bz2,e1202a95,5398000
233000,0.043164134864764725,0.1484076433121019,0.043164134864764725,0.043164134864764725,,,,"GCA_003241315.1 Lawsonella clevelandensis, ASM324131v1",/mnt/HDD/kia/HMP_reference/gtdb-rs207.genomic-reps.dna.k31.zip,615e5c6c38f626bff2360eec57680c79,0.1484076433121019,233000,1,435000,,SRS012291.tar.bz2,e1202a95,5398000
162000,0.03001111522786217,0.06730369754881595,0.03001111522786217,0.03001111522786217,,,,"GCF_000159115.1 Corynebacterium accolens ATCC 49725 strain=ATCC 49725, ASM15911v1",/mnt/HDD/kia/HMP_reference/gtdb-rs207.genomic-reps.dna.k31.zip,30fc14d53964d66f039fe9009573cee3,0.06730369754881595,162000,2,273000,,SRS012291.tar.bz2,e1202a95,5398000
127000,0.02352723230826232,0.05376799322607959,0.02352723230826232,0.02352723230826232,,,,"GCF_006742205.1 Staphylococcus epidermidis strain=NBRC 100911, ASM674220v1",/mnt/HDD/kia/HMP_reference/gtdb-rs207.genomic-reps.dna.k31.zip,573514f3d349904ef56eb74c28c247d7,0.05376799322607959,127000,3,146000,,SRS012291.tar.bz2,e1202a95,5398000
131000,0.02426824749907373,0.047508690614136734,0.022786217117450908,0.022786217117450908,,,,"GCF_002154655.1 Corynebacterium kefirresidentii strain=SB, ASM215465v1",/mnt/HDD/kia/HMP_reference/gtdb-rs207.genomic-reps.dna.k31.zip,6a7c544dce2b6d683a1acb703e969a91,0.05059868675164156,123000,4,23000,,SRS012291.tar.bz2,e1202a95,5398000
