intersect_bp,f_orig_query,f_match,f_unique_to_query,f_unique_weighted,average_abund,median_abund,std_abund,name,filename,md5,f_match_orig,unique_intersect_bp,gather_result_rank,remaining_bp,query_filename,query_name,query_md5,query_bp
1471000,0.16204009693765148,0.6053497942386832,0.16204009693765148,0.16204009693765148,,,,"GCF_003030305.1 Cutibacterium acnes strain=ATCC 6919, ASM303030v1",/mnt/HDD/kia/HMP_reference/gtdb-rs207.genomic-reps.dna.k31.zip,ff021938b2e5aeb2c3d43194bd8f6fed,0.6053497942386832,1471000,0,1552000,,SRS011132.tar.bz2,8b7710ca,9078000
1154000,0.12712051112579864,0.7350318471337579,0.12712051112579864,0.12712051112579864,,,,"GCA_003241315.1 Lawsonella clevelandensis, ASM324131v1",/mnt/HDD/kia/HMP_reference/gtdb-rs207.genomic-reps.dna.k31.zip,615e5c6c38f626bff2360eec57680c79,0.7350318471337579,1154000,1,398000,,SRS011132.tar.bz2,8b7710ca,9078000
187000,0.020599250936329586,0.07483818770226537,0.020378938092090768,0.020378938092090768,,,,"GCF_000478175.1 Corynebacterium sp. KPL1814 strain=KPL1814, Cory_sp_KPL1814_V1",/mnt/HDD/kia/HMP_reference/gtdb-rs207.genomic-reps.dna.k31.zip,4cde657a6de5dd95199d6e1d2ee0d378,0.07564724919093851,185000,2,213000,,SRS011132.tar.bz2,8b7710ca,9078000
155000,0.01707424542850848,0.0552336809578988,0.01575236836307557,0.01575236836307557,,,,"GCF_002154655.1 Corynebacterium kefirresidentii strain=SB, ASM215465v1",/mnt/HDD/kia/HMP_reference/gtdb-rs207.genomic-reps.dna.k31.zip,6a7c544dce2b6d683a1acb703e969a91,0.059868675164156046,143000,3,70000,,SRS011132.tar.bz2,8b7710ca,9078000
142000,0.015642211940956156,0.0211882010801828,0.0056179775280898875,0.0056179775280898875,,,,"GCF_000159115.1 Corynebacterium accolens ATCC 49725 strain=ATCC 49725, ASM15911v1",/mnt/HDD/kia/HMP_reference/gtdb-rs207.genomic-reps.dna.k31.zip,30fc14d53964d66f039fe9009573cee3,0.05899459908599917,51000,4,19000,,SRS011132.tar.bz2,8b7710ca,9078000
