intersect_bp,f_orig_query,f_match,f_unique_to_query,f_unique_weighted,average_abund,median_abund,std_abund,name,filename,md5,f_match_orig,unique_intersect_bp,gather_result_rank,remaining_bp,query_filename,query_name,query_md5,query_bp
614000,0.10235039173195533,0.3333333333333333,0.10235039173195533,0.10235039173195533,,,,"GCF_001632285.1 Moraxella catarrhalis strain=CCUG 353, ASM163228v1",/mnt/HDD/kia/HMP_reference/gtdb-rs207.genomic-reps.dna.k31.zip,a1db4f14de60e60ca47d0c0930094f62,0.3333333333333333,614000,0,911000,,SRS051600.tar.bz2,01997c15,5999000
262000,0.043673945657609604,0.10781893004115227,0.043673945657609604,0.043673945657609604,,,,"GCF_003030305.1 Cutibacterium acnes strain=ATCC 6919, ASM303030v1",/mnt/HDD/kia/HMP_reference/gtdb-rs207.genomic-reps.dna.k31.zip,ff021938b2e5aeb2c3d43194bd8f6fed,0.10781893004115227,262000,1,649000,,SRS051600.tar.bz2,01997c15,5999000
235000,0.039173195532588766,0.09763190693809722,0.039173195532588766,0.039173195532588766,,,,"GCF_000159115.1 Corynebacterium accolens ATCC 49725 strain=ATCC 49725, ASM15911v1",/mnt/HDD/kia/HMP_reference/gtdb-rs207.genomic-reps.dna.k31.zip,30fc14d53964d66f039fe9009573cee3,0.09763190693809722,235000,2,414000,,SRS051600.tar.bz2,01997c15,5999000
187000,0.031171861976996167,0.11910828025477707,0.031171861976996167,0.031171861976996167,,,,"GCA_003241315.1 Lawsonella clevelandensis, ASM324131v1",/mnt/HDD/kia/HMP_reference/gtdb-rs207.genomic-reps.dna.k31.zip,615e5c6c38f626bff2360eec57680c79,0.11910828025477707,187000,3,227000,,SRS051600.tar.bz2,01997c15,5999000
140000,0.023337222870478413,0.05517519130084575,0.022837139523253877,0.022837139523253877,,,,"GCF_000375525.1 Corynebacterium propinquum DSM 44285 strain=DSM 44285, ASM37552v1",/mnt/HDD/kia/HMP_reference/gtdb-rs207.genomic-reps.dna.k31.zip,24fde4240d0f6ce88999d501358b2d8c,0.056383407168747485,137000,4,90000,,SRS051600.tar.bz2,01997c15,5999000
