intersect_bp,f_orig_query,f_match,f_unique_to_query,f_unique_weighted,average_abund,median_abund,std_abund,name,filename,md5,f_match_orig,unique_intersect_bp,gather_result_rank,remaining_bp,query_filename,query_name,query_md5,query_bp
604000,0.10093582887700535,0.38471337579617837,0.10093582887700535,0.10093582887700535,,,,"GCA_003241315.1 Lawsonella clevelandensis, ASM324131v1",/mnt/HDD/kia/HMP_reference/gtdb-rs207.genomic-reps.dna.k31.zip,615e5c6c38f626bff2360eec57680c79,0.38471337579617837,604000,0,1062000,,SRS024567.tar.bz2,a63c3c35,5984000
571000,0.09542112299465241,0.23497942386831275,0.09542112299465241,0.09542112299465241,,,,"GCF_003030305.1 Cutibacterium acnes strain=ATCC 6919, ASM303030v1",/mnt/HDD/kia/HMP_reference/gtdb-rs207.genomic-reps.dna.k31.zip,ff021938b2e5aeb2c3d43194bd8f6fed,0.23497942386831275,571000,1,491000,,SRS024567.tar.bz2,a63c3c35,5984000
144000,0.02406417112299465,0.0523826846125864,0.02406417112299465,0.02406417112299465,,,,"GCF_001027105.1 Staphylococcus aureus subsp. aureus DSM 20231 strain=DSM 20231, ASM102710v1",/mnt/HDD/kia/HMP_reference/gtdb-rs207.genomic-reps.dna.k31.zip,185d23ed7456f793b36f5c5f7f0a4c80,0.0523826846125864,144000,2,347000,,SRS024567.tar.bz2,a63c3c35,5984000
124000,0.02072192513368984,0.04975728155339806,0.020554812834224598,0.020554812834224598,,,,"GCF_000478175.1 Corynebacterium sp. KPL1814 strain=KPL1814, Cory_sp_KPL1814_V1",/mnt/HDD/kia/HMP_reference/gtdb-rs207.genomic-reps.dna.k31.zip,4cde657a6de5dd95199d6e1d2ee0d378,0.05016181229773463,123000,3,224000,,SRS024567.tar.bz2,a63c3c35,5984000
110000,0.01838235294117647,0.04572396274343776,0.01804812834224599,0.01804812834224599,,,,"GCF_006742205.1 Staphylococcus epidermidis strain=NBRC 100911, ASM674220v1",/mnt/HDD/kia/HMP_reference/gtdb-rs207.genomic-reps.dna.k31.zip,573514f3d349904ef56eb74c28c247d7,0.04657070279424217,108000,4,116000,,SRS024567.tar.bz2,a63c3c35,5984000
60000,0.010026737967914439,0.025187803800265134,0.009525401069518716,0.009525401069518716,,,,"GCF_001500315.1 Staphylococcus auricularis strain=DSM 20609, ASM150031v1",/mnt/HDD/kia/HMP_reference/gtdb-rs207.genomic-reps.dna.k31.zip,ef92885abe2461d3ed0ec26744158bf7,0.026513477684489615,57000,5,59000,,SRS024567.tar.bz2,a63c3c35,5984000
