intersect_bp,f_orig_query,f_match,f_unique_to_query,f_unique_weighted,average_abund,median_abund,std_abund,name,filename,md5,f_match_orig,unique_intersect_bp,gather_result_rank,remaining_bp,query_filename,query_name,query_md5,query_bp
1319000,0.144960984723596,0.5584250635055038,0.144960984723596,0.144960984723596,,,,"GCF_006742205.1 Staphylococcus epidermidis strain=NBRC 100911, ASM674220v1",/mnt/HDD/kia/HMP_reference/gtdb-rs207.genomic-reps.dna.k31.zip,573514f3d349904ef56eb74c28c247d7,0.5584250635055038,1319000,0,2188000,,SRS016513.tar.bz2,d97c4167,9099000
1094000,0.12023299263655347,0.45020576131687245,0.12023299263655347,0.12023299263655347,,,,"GCF_003030305.1 Cutibacterium acnes strain=ATCC 6919, ASM303030v1",/mnt/HDD/kia/HMP_reference/gtdb-rs207.genomic-reps.dna.k31.zip,ff021938b2e5aeb2c3d43194bd8f6fed,0.45020576131687245,1094000,1,1094000,,SRS016513.tar.bz2,d97c4167,9099000
485000,0.05330256072095835,0.26854928017718716,0.05330256072095835,0.05330256072095835,,,,"GCF_900106515.1 Peptoniphilus lacydonensis strain=EL1, PRJEB16530",/mnt/HDD/kia/HMP_reference/gtdb-rs207.genomic-reps.dna.k31.zip,b4b406f34659b0ee300ff2dee0f6de99,0.26854928017718716,485000,2,609000,,SRS016513.tar.bz2,d97c4167,9099000
281000,0.030882514562039786,0.051268016785258164,0.030882514562039786,0.030882514562039786,,,,"GCF_000742135.1 Klebsiella pneumoniae strain=ATCC 13883, ASM74213v1",/mnt/HDD/kia/HMP_reference/gtdb-rs207.genomic-reps.dna.k31.zip,d88f3c512ece432b111f094181484852,0.051268016785258164,281000,3,328000,,SRS016513.tar.bz2,d97c4167,9099000
194000,0.02132102428838334,0.10227272727272728,0.020771513353115726,0.020771513353115726,,,,"GCF_900445265.1 Anaerococcus octavius strain=NCTC9810, 51765_E01",/mnt/HDD/kia/HMP_reference/gtdb-rs207.genomic-reps.dna.k31.zip,241cbbfed00807dab6c63c4d320f3bbc,0.10497835497835498,189000,4,139000,,SRS016513.tar.bz2,d97c4167,9099000
80000,0.00879217496428179,0.03408495018353435,0.0071436421584789534,0.0071436421584789534,,,,"GCF_000159695.1 Finegoldia magna ATCC 53516 strain=ATCC 53516, ASM15969v1",/mnt/HDD/kia/HMP_reference/gtdb-rs207.genomic-reps.dna.k31.zip,a0a5f5260c65de59aa6cf6f2851e3b3a,0.04195070791819612,65000,5,74000,,SRS016513.tar.bz2,d97c4167,9099000
