intersect_bp,f_orig_query,f_match,f_unique_to_query,f_unique_weighted,average_abund,median_abund,std_abund,name,filename,md5,f_match_orig,unique_intersect_bp,gather_result_rank,remaining_bp,query_filename,query_name,query_md5,query_bp
860000,0.15955473098330242,0.3910868576625739,0.15955473098330242,0.15955473098330242,,,,"GCF_001679005.1 Moraxella nonliquefaciens strain=CCUG 348, ASM167900v1",/mnt/HDD/kia/HMP_reference/gtdb-rs207.genomic-reps.dna.k31.zip,6be8f14666fc6f37947f0fa1e6c9b423,0.3910868576625739,860000,0,574000,,SRS018312.tar.bz2,ac157f6a,5390000
189000,0.03506493506493506,0.07777777777777778,0.03506493506493506,0.03506493506493506,,,,"GCF_003030305.1 Cutibacterium acnes strain=ATCC 6919, ASM303030v1",/mnt/HDD/kia/HMP_reference/gtdb-rs207.genomic-reps.dna.k31.zip,ff021938b2e5aeb2c3d43194bd8f6fed,0.07777777777777778,189000,1,385000,,SRS018312.tar.bz2,ac157f6a,5390000
112000,0.02077922077922078,0.07133757961783439,0.02077922077922078,0.02077922077922078,,,,"GCA_003241315.1 Lawsonella clevelandensis, ASM324131v1",/mnt/HDD/kia/HMP_reference/gtdb-rs207.genomic-reps.dna.k31.zip,615e5c6c38f626bff2360eec57680c79,0.07133757961783439,112000,2,273000,,SRS018312.tar.bz2,ac157f6a,5390000
96000,0.017810760667903526,0.038600723763570564,0.017810760667903526,0.017810760667903526,,,,"GCF_002901705.1 Staphylococcus lugdunensis strain=NCTC 12217, ASM290170v1",/mnt/HDD/kia/HMP_reference/gtdb-rs207.genomic-reps.dna.k31.zip,7f95b37b31aab2707fab1ca583e2835e,0.038600723763570564,96000,3,177000,,SRS018312.tar.bz2,ac157f6a,5390000
83000,0.015398886827458255,0.029465260094579847,0.015027829313543599,0.015027829313543599,,,,"GCF_001027105.1 Staphylococcus aureus subsp. aureus DSM 20231 strain=DSM 20231, ASM102710v1",/mnt/HDD/kia/HMP_reference/gtdb-rs207.genomic-reps.dna.k31.zip,185d23ed7456f793b36f5c5f7f0a4c80,0.03019279738086577,81000,4,96000,,SRS018312.tar.bz2,ac157f6a,5390000
64000,0.011873840445269016,0.026370866471326915,0.011688311688311689,0.011688311688311689,,,,"GCF_900458815.1 Staphylococcus saccharolyticus strain=NCTC11807, 49699_H02",/mnt/HDD/kia/HMP_reference/gtdb-rs207.genomic-reps.dna.k31.zip,cbe91525a64613ad31f55ec533254ccf,0.02678945165341147,63000,5,33000,,SRS018312.tar.bz2,ac157f6a,5390000
