intersect_bp,f_orig_query,f_match,f_unique_to_query,f_unique_weighted,average_abund,median_abund,std_abund,name,filename,md5,f_match_orig,unique_intersect_bp,gather_result_rank,remaining_bp,query_filename,query_name,query_md5,query_bp
2335000,0.0818694996669121,0.9609053497942387,0.0818694996669121,0.0818694996669121,,,,"GCF_003030305.1 Cutibacterium acnes strain=ATCC 6919, ASM303030v1",/mnt/HDD/kia/HMP_reference/gtdb-rs207.genomic-reps.dna.k31.zip,ff021938b2e5aeb2c3d43194bd8f6fed,0.9609053497942387,2335000,0,1141000,,SRS057083.tar.bz2,36437407,28521000
521000,0.01826724168156797,0.33184713375796177,0.01826724168156797,0.01826724168156797,,,,"GCA_003241315.1 Lawsonella clevelandensis, ASM324131v1",/mnt/HDD/kia/HMP_reference/gtdb-rs207.genomic-reps.dna.k31.zip,615e5c6c38f626bff2360eec57680c79,0.33184713375796177,521000,1,620000,,SRS057083.tar.bz2,36437407,28521000
298000,0.01044844149924617,0.12960497114957834,0.01023807019389222,0.01023807019389222,,,,"GCF_900186975.1 Cutibacterium granulosum strain=NCTC11865, 50569_F01",/mnt/HDD/kia/HMP_reference/gtdb-rs207.genomic-reps.dna.k31.zip,737acad50d16ca56da72f9d2a7ffd059,0.13226808699511763,292000,2,328000,,SRS057083.tar.bz2,36437407,28521000
250000,0.008765471056414571,0.10584250635055038,0.008765471056414571,0.008765471056414571,,,,"GCF_006742205.1 Staphylococcus epidermidis strain=NBRC 100911, ASM674220v1",/mnt/HDD/kia/HMP_reference/gtdb-rs207.genomic-reps.dna.k31.zip,573514f3d349904ef56eb74c28c247d7,0.10584250635055038,250000,3,78000,,SRS057083.tar.bz2,36437407,28521000
