intersect_bp,f_orig_query,f_match,f_unique_to_query,f_unique_weighted,average_abund,median_abund,std_abund,name,filename,md5,f_match_orig,unique_intersect_bp,gather_result_rank,remaining_bp,query_filename,query_name,query_md5,query_bp
1428000,0.23689449236894491,0.81740125930166,0.23689449236894491,0.23689449236894491,,,,"GCF_000014425.1 Lactobacillus gasseri ATCC 33323 = JCM 1131 strain=ATCC 33323, ASM1442v1",/mnt/HDD/kia/HMP_reference/gtdb-rs207.genomic-reps.dna.k31.zip,60d4841431ff37636c255efbaf97e19a,0.81740125930166,1428000,0,515000,,SRS019379.tar.bz2,5aede8ac,6028000
344000,0.05706702057067021,0.21169230769230768,0.05706702057067021,0.05706702057067021,,,,"GCF_003397705.1 Gardnerella vaginalis strain=GS 9838-1, ASM339770v1",/mnt/HDD/kia/HMP_reference/gtdb-rs207.genomic-reps.dna.k31.zip,b3992f37f619f71dc8a057744f314734,0.21169230769230768,344000,1,171000,,SRS019379.tar.bz2,5aede8ac,6028000
485000,0.08045786330457863,0.064282011404873,0.0205706702057067,0.0205706702057067,,,,"GCF_003584685.1 Lactobacillus paragasseri strain=JCM 5343, ASM358468v1",/mnt/HDD/kia/HMP_reference/gtdb-rs207.genomic-reps.dna.k31.zip,140971a553c83aacdcd379fbd605b0f0,0.2514256091238984,124000,2,47000,,SRS019379.tar.bz2,5aede8ac,6028000
