intersect_bp,f_orig_query,f_match,f_unique_to_query,f_unique_weighted,average_abund,median_abund,std_abund,name,filename,md5,f_match_orig,unique_intersect_bp,gather_result_rank,remaining_bp,query_filename,query_name,query_md5,query_bp
1400000,0.11032308904649331,0.667302192564347,0.11032308904649331,0.11032308904649331,,,,"GCF_018987235.1 Lactobacillus crispatus strain=ATCC 33820, ASM1898723v1",/mnt/HDD/kia/HMP_reference/gtdb-rs207.genomic-reps.dna.k31.zip,6b44659d997543a9bf23901261a5ef0d,0.667302192564347,1400000,0,1573000,,SRS015168.tar.bz2,203c3848,12690000
494000,0.03892828999211978,0.23412322274881517,0.03892828999211978,0.03892828999211978,,,,"GCF_014838735.1 Limosilactobacillus sp. c11Ua_112_M strain=c11Ua_112_M, ASM1483873v1",/mnt/HDD/kia/HMP_reference/gtdb-rs207.genomic-reps.dna.k31.zip,c216842598404bf8b66e002da1157cf9,0.23412322274881517,494000,1,1079000,,SRS015168.tar.bz2,203c3848,12690000
361000,0.028447596532702915,0.2745995423340961,0.028368794326241134,0.028368794326241134,,,,"GCF_000160875.1 Lactobacillus iners DSM 13335 strain=DSM 13335, ASM16087v1",/mnt/HDD/kia/HMP_reference/gtdb-rs207.genomic-reps.dna.k31.zip,a3c06acfd6e434dfc80d4cff3cf45af5,0.2753623188405797,360000,2,719000,,SRS015168.tar.bz2,203c3848,12690000
323000,0.02545311268715524,0.20050282840980516,0.025137903861308118,0.025137903861308118,,,,"GCF_001436455.1 Lactobacillus jensenii DSM 20557 strain=DSM 20557, ASM143645v1",/mnt/HDD/kia/HMP_reference/gtdb-rs207.genomic-reps.dna.k31.zip,02ae1dee237653b18076f43ca5e8d71b,0.20301697045883094,319000,3,400000,,SRS015168.tar.bz2,203c3848,12690000
111000,0.008747044917257684,0.03635768096953816,0.008747044917257684,0.008747044917257684,,,,"GCF_000455445.1 Prevotella timonensis 4401737 = DSM 22865 = JCM 15640 strain=4401737, 4401737",/mnt/HDD/kia/HMP_reference/gtdb-rs207.genomic-reps.dna.k31.zip,13481ed520a681834b3cb4b8f7cd2aa5,0.03635768096953816,111000,4,289000,,SRS015168.tar.bz2,203c3848,12690000
99000,0.007801418439716312,0.05868405453467694,0.007801418439716312,0.007801418439716312,,,,"GCF_001042655.1 Gardnerella vaginalis ATCC 14018 = JCM 11026 strain=JCM 11026, ASM104265v1",/mnt/HDD/kia/HMP_reference/gtdb-rs207.genomic-reps.dna.k31.zip,7c2bc6624dc89657447afc0395aec324,0.05868405453467694,99000,5,190000,,SRS015168.tar.bz2,203c3848,12690000
