intersect_bp,f_orig_query,f_match,f_unique_to_query,f_unique_weighted,average_abund,median_abund,std_abund,name,filename,md5,f_match_orig,unique_intersect_bp,gather_result_rank,remaining_bp,query_filename,query_name,query_md5,query_bp
2618000,0.21045016077170417,0.8284810126582278,0.21045016077170417,0.21045016077170417,,,,"GCF_001042635.1 Bifidobacterium scardovii JCM 12489 = DSM 13734 strain=JCM 12489, ASM104263v1",/mnt/HDD/kia/HMP_reference/gtdb-rs207.genomic-reps.dna.k31.zip,56a7d6f463e940498ffaf9f890248c67,0.8284810126582278,2618000,0,3874000,,SRS075419.tar.bz2,59cb3dbc,12440000
1654000,0.1329581993569132,0.9467658843732112,0.1329581993569132,0.1329581993569132,,,,"GCF_000014425.1 Lactobacillus gasseri ATCC 33323 = JCM 1131 strain=ATCC 33323, ASM1442v1",/mnt/HDD/kia/HMP_reference/gtdb-rs207.genomic-reps.dna.k31.zip,60d4841431ff37636c255efbaf97e19a,0.9467658843732112,1654000,1,2220000,,SRS075419.tar.bz2,59cb3dbc,12440000
1460000,0.11736334405144695,0.6332302253645603,0.11519292604501608,0.11519292604501608,,,,"GCF_001025175.1 Bifidobacterium breve DSM 20213 = JCM 1192 strain=JCM 1192, ASM102517v1",/mnt/HDD/kia/HMP_reference/gtdb-rs207.genomic-reps.dna.k31.zip,5b35d29b8aea785944e63067477c30a6,0.6451612903225806,1433000,2,787000,,SRS075419.tar.bz2,59cb3dbc,12440000
393000,0.03159163987138264,0.22900763358778625,0.03135048231511254,0.03135048231511254,,,,"GCF_001433875.1 Lactobacillus delbrueckii subsp. delbrueckii DSM 20074 = JCM 1012 strain=DSM 20074, ASM143387v1",/mnt/HDD/kia/HMP_reference/gtdb-rs207.genomic-reps.dna.k31.zip,7c9ef4c3392cc2e4d4ad55a73b1a1bf1,0.23076923076923078,390000,3,397000,,SRS075419.tar.bz2,59cb3dbc,12440000
194000,0.015594855305466239,0.09168241965973535,0.015594855305466239,0.015594855305466239,,,,"GCF_000186445.1 Streptococcus agalactiae ATCC 13813 strain=ATCC 13813, ASM18644v1",/mnt/HDD/kia/HMP_reference/gtdb-rs207.genomic-reps.dna.k31.zip,2544bd958bd1336ed054dcf2fff5f872,0.09168241965973535,194000,4,203000,,SRS075419.tar.bz2,59cb3dbc,12440000
75000,0.006028938906752411,0.04823151125401929,0.006028938906752411,0.006028938906752411,,,,"GCA_900542465.1 uncultured Clostridiales bacterium, UMGS455",/mnt/HDD/kia/HMP_reference/gtdb-rs207.genomic-reps.dna.k31.zip,d3d9a468e7d9be5a1496eebcf429cae5,0.04823151125401929,75000,5,128000,,SRS075419.tar.bz2,59cb3dbc,12440000
