intersect_bp,f_orig_query,f_match,f_unique_to_query,f_unique_weighted,average_abund,median_abund,std_abund,name,filename,md5,f_match_orig,unique_intersect_bp,gather_result_rank,remaining_bp,query_filename,query_name,query_md5,query_bp
584000,0.12846458424989002,0.2403292181069959,0.12846458424989002,0.12846458424989002,,,,"GCF_003030305.1 Cutibacterium acnes strain=ATCC 6919, ASM303030v1",/mnt/HDD/kia/HMP_reference/gtdb-rs207.genomic-reps.dna.k31.zip,ff021938b2e5aeb2c3d43194bd8f6fed,0.2403292181069959,584000,0,844000,,SRS019215.tar.bz2,32407456,4546000
511000,0.11240651121865376,0.1858857766460531,0.11240651121865376,0.11240651121865376,,,,"GCF_001027105.1 Staphylococcus aureus subsp. aureus DSM 20231 strain=DSM 20231, ASM102710v1",/mnt/HDD/kia/HMP_reference/gtdb-rs207.genomic-reps.dna.k31.zip,185d23ed7456f793b36f5c5f7f0a4c80,0.1858857766460531,511000,1,333000,,SRS019215.tar.bz2,32407456,4546000
181000,0.0398152221733392,0.11528662420382166,0.0398152221733392,0.0398152221733392,,,,"GCA_003241315.1 Lawsonella clevelandensis, ASM324131v1",/mnt/HDD/kia/HMP_reference/gtdb-rs207.genomic-reps.dna.k31.zip,615e5c6c38f626bff2360eec57680c79,0.11528662420382166,181000,2,152000,,SRS019215.tar.bz2,32407456,4546000
138000,0.030356357237131544,0.0554614733276884,0.028816542014958205,0.028816542014958205,,,,"GCF_006742205.1 Staphylococcus epidermidis strain=NBRC 100911, ASM674220v1",/mnt/HDD/kia/HMP_reference/gtdb-rs207.genomic-reps.dna.k31.zip,573514f3d349904ef56eb74c28c247d7,0.05842506350550381,131000,3,21000,,SRS019215.tar.bz2,32407456,4546000
