intersect_bp,f_orig_query,f_match,f_unique_to_query,f_unique_weighted,average_abund,median_abund,std_abund,name,filename,md5,f_match_orig,unique_intersect_bp,gather_result_rank,remaining_bp,query_filename,query_name,query_md5,query_bp
1061000,0.17703987985983646,0.8093058733790999,0.17703987985983646,0.17703987985983646,,,,"GCF_000160875.1 Lactobacillus iners DSM 13335 strain=DSM 13335, ASM16087v1",/mnt/HDD/kia/HMP_reference/gtdb-rs207.genomic-reps.dna.k31.zip,a3c06acfd6e434dfc80d4cff3cf45af5,0.8093058733790999,1061000,0,143000,,SRS052756.tar.bz2,d8aa334e,5993000
79000,0.013182045720006674,0.0158,0.013182045720006674,0.013182045720006674,,,,"GCF_000012825.1 Bacteroides vulgatus ATCC 8482 strain=ATCC 8482, ASM1282v1",/mnt/HDD/kia/HMP_reference/gtdb-rs207.genomic-reps.dna.k31.zip,960cc77fc7b96d595712107aaa1524b5,0.0158,79000,1,64000,,SRS052756.tar.bz2,d8aa334e,5993000
64000,0.010679125646587686,0.0893854748603352,0.010679125646587686,0.010679125646587686,,,,"GCF_000019345.1 Ureaplasma parvum serovar 3 str. ATCC 27815 strain=ATCC 27815, ASM1934v1",/mnt/HDD/kia/HMP_reference/gtdb-rs207.genomic-reps.dna.k31.zip,9e3553982cc8560db06ccfa0271dd519,0.0893854748603352,64000,2,0,,SRS052756.tar.bz2,d8aa334e,5993000
