intersect_bp,f_orig_query,f_match,f_unique_to_query,f_unique_weighted,average_abund,median_abund,std_abund,name,filename,md5,f_match_orig,unique_intersect_bp,gather_result_rank,remaining_bp,query_filename,query_name,query_md5,query_bp
1990000,0.19943876528362398,0.8189300411522634,0.19943876528362398,0.19943876528362398,,,,"GCF_003030305.1 Cutibacterium acnes strain=ATCC 6919, ASM303030v1",/mnt/HDD/kia/HMP_reference/gtdb-rs207.genomic-reps.dna.k31.zip,ff021938b2e5aeb2c3d43194bd8f6fed,0.8189300411522634,1990000,0,2937000,,SRS018671.tar.bz2,c1591513,9978000
1298000,0.13008618961715776,0.5495342929720576,0.13008618961715776,0.13008618961715776,,,,"GCF_006742205.1 Staphylococcus epidermidis strain=NBRC 100911, ASM674220v1",/mnt/HDD/kia/HMP_reference/gtdb-rs207.genomic-reps.dna.k31.zip,573514f3d349904ef56eb74c28c247d7,0.5495342929720576,1298000,1,1639000,,SRS018671.tar.bz2,c1591513,9978000
692000,0.06935257566646623,0.4407643312101911,0.06935257566646623,0.06935257566646623,,,,"GCA_003241315.1 Lawsonella clevelandensis, ASM324131v1",/mnt/HDD/kia/HMP_reference/gtdb-rs207.genomic-reps.dna.k31.zip,615e5c6c38f626bff2360eec57680c79,0.4407643312101911,692000,2,947000,,SRS018671.tar.bz2,c1591513,9978000
681000,0.06825015033072761,0.2622634221707223,0.0680497093605933,0.0680497093605933,,,,"GCF_002154655.1 Corynebacterium kefirresidentii strain=SB, ASM215465v1",/mnt/HDD/kia/HMP_reference/gtdb-rs207.genomic-reps.dna.k31.zip,6a7c544dce2b6d683a1acb703e969a91,0.2630359212050985,679000,3,268000,,SRS018671.tar.bz2,c1591513,9978000
112000,0.011224694327520546,0.0461606746560142,0.010422930446983364,0.010422930446983364,,,,"GCF_900186975.1 Cutibacterium granulosum strain=NCTC11865, 50569_F01",/mnt/HDD/kia/HMP_reference/gtdb-rs207.genomic-reps.dna.k31.zip,737acad50d16ca56da72f9d2a7ffd059,0.04971149578339991,104000,4,164000,,SRS018671.tar.bz2,c1591513,9978000
151000,0.015133293245139307,0.023427331887201735,0.005411906193625977,0.005411906193625977,,,,"GCF_016127015.1 Corynebacterium tuberculostearicum strain=FDAARGOS_993, ASM1612701v1",/mnt/HDD/kia/HMP_reference/gtdb-rs207.genomic-reps.dna.k31.zip,74c4ea8211b98e35d7dda10fb5dc1861,0.06550976138828633,54000,5,110000,,SRS018671.tar.bz2,c1591513,9978000
