intersect_bp,f_orig_query,f_match,f_unique_to_query,f_unique_weighted,average_abund,median_abund,std_abund,name,filename,md5,f_match_orig,unique_intersect_bp,gather_result_rank,remaining_bp,query_filename,query_name,query_md5,query_bp
1046000,0.11908014571948998,0.43045267489711936,0.11908014571948998,0.11908014571948998,,,,"GCF_003030305.1 Cutibacterium acnes strain=ATCC 6919, ASM303030v1",/mnt/HDD/kia/HMP_reference/gtdb-rs207.genomic-reps.dna.k31.zip,ff021938b2e5aeb2c3d43194bd8f6fed,0.43045267489711936,1046000,0,1035000,,SRS016033.tar.bz2,25011346,8784000
777000,0.08845628415300547,0.32895850973751056,0.08845628415300547,0.08845628415300547,,,,"GCF_006742205.1 Staphylococcus epidermidis strain=NBRC 100911, ASM674220v1",/mnt/HDD/kia/HMP_reference/gtdb-rs207.genomic-reps.dna.k31.zip,573514f3d349904ef56eb74c28c247d7,0.32895850973751056,777000,1,258000,,SRS016033.tar.bz2,25011346,8784000
87000,0.009904371584699454,0.03842756183745583,0.009904371584699454,0.009904371584699454,,,,"GCF_000175615.1 Rothia mucilaginosa ATCC 25296 strain=ATCC 25296, ASM17561v1",/mnt/HDD/kia/HMP_reference/gtdb-rs207.genomic-reps.dna.k31.zip,11db2ba4a5b7213bf246441cf0a5780d,0.03842756183745583,87000,2,171000,,SRS016033.tar.bz2,25011346,8784000
63000,0.007172131147540984,0.02394747006566242,0.007058287795992714,0.007058287795992714,,,,"GCF_002154655.1 Corynebacterium kefirresidentii strain=SB, ASM215465v1",/mnt/HDD/kia/HMP_reference/gtdb-rs207.genomic-reps.dna.k31.zip,6a7c544dce2b6d683a1acb703e969a91,0.02433371958285052,62000,3,109000,,SRS016033.tar.bz2,25011346,8784000
58000,0.006602914389799636,0.022434565849605317,0.006147540983606557,0.006147540983606557,,,,"GCF_000159115.1 Corynebacterium accolens ATCC 49725 strain=ATCC 49725, ASM15911v1",/mnt/HDD/kia/HMP_reference/gtdb-rs207.genomic-reps.dna.k31.zip,30fc14d53964d66f039fe9009573cee3,0.024096385542168676,54000,4,55000,,SRS016033.tar.bz2,25011346,8784000
