intersect_bp,f_orig_query,f_match,f_unique_to_query,f_unique_weighted,average_abund,median_abund,std_abund,name,filename,md5,f_match_orig,unique_intersect_bp,gather_result_rank,remaining_bp,query_filename,query_name,query_md5,query_bp
931000,0.10345593954883876,0.7101449275362319,0.10345593954883876,0.10345593954883876,,,,"GCF_000160875.1 Lactobacillus iners DSM 13335 strain=DSM 13335, ASM16087v1",/mnt/HDD/kia/HMP_reference/gtdb-rs207.genomic-reps.dna.k31.zip,a3c06acfd6e434dfc80d4cff3cf45af5,0.7101449275362319,931000,0,606000,,SRS016111.tar.bz2,1a195eb8,8999000
238000,0.026447383042560283,0.036751080914144536,0.026447383042560283,0.026447383042560283,,,,"GCF_001439845.1 Pseudomonas lactis strain=DSM 29167, MG336",/mnt/HDD/kia/HMP_reference/gtdb-rs207.genomic-reps.dna.k31.zip,d5aef4ee8ee00ca6557b5a8fe4179568,0.036751080914144536,238000,1,368000,,SRS016111.tar.bz2,1a195eb8,8999000
113000,0.012556950772308034,0.019713886950453594,0.012556950772308034,0.012556950772308034,,,,"GCF_004367745.1 Herbaspirillum huttiense strain=NFYY 53159, ASM436774v1",/mnt/HDD/kia/HMP_reference/gtdb-rs207.genomic-reps.dna.k31.zip,7dde5370ebfef46ee947a2ae4419fc41,0.019713886950453594,113000,2,255000,,SRS016111.tar.bz2,1a195eb8,8999000
107000,0.011890210023335927,0.023609885260370698,0.011890210023335927,0.011890210023335927,,,,"GCA_017307165.1 Candidatus Melainabacteria bacterium, ASM1730716v1",/mnt/HDD/kia/HMP_reference/gtdb-rs207.genomic-reps.dna.k31.zip,76e929bd1bf9c829e7074db3b50df093,0.023609885260370698,107000,3,148000,,SRS016111.tar.bz2,1a195eb8,8999000
195000,0.02166907434159351,0.0107600341588386,0.007000777864207134,0.007000777864207134,,,,"GCF_904063055.1 Pseudomonas sp. V5/DAB/2/5 strain=V5/DAB/2/5, V5",/mnt/HDD/kia/HMP_reference/gtdb-rs207.genomic-reps.dna.k31.zip,7f5a3153366e663e263351e2ee1983fa,0.033304867634500426,63000,4,85000,,SRS016111.tar.bz2,1a195eb8,8999000
