intersect_bp,f_orig_query,f_match,f_unique_to_query,f_unique_weighted,average_abund,median_abund,std_abund,name,filename,md5,f_match_orig,unique_intersect_bp,gather_result_rank,remaining_bp,query_filename,query_name,query_md5,query_bp
1305000,0.14118792599805258,0.6220209723546235,0.14118792599805258,0.14118792599805258,,,,"GCF_018987235.1 Lactobacillus crispatus strain=ATCC 33820, ASM1898723v1",/mnt/HDD/kia/HMP_reference/gtdb-rs207.genomic-reps.dna.k31.zip,6b44659d997543a9bf23901261a5ef0d,0.6220209723546235,1305000,0,123000,,SRS042858.tar.bz2,c439b6f9,9243000
57000,0.006166828951639078,0.020607375271149676,0.006166828951639078,0.006166828951639078,,,,"GCF_000392875.1 Enterococcus faecalis ATCC 19433 strain=ATCC 19433, Ente_faec_ATCC_19433_V1",/mnt/HDD/kia/HMP_reference/gtdb-rs207.genomic-reps.dna.k31.zip,7d960e9cbf125d40a1763c7d929965a3,0.020607375271149676,57000,1,66000,,SRS042858.tar.bz2,c439b6f9,9243000
