intersect_bp,f_orig_query,f_match,f_unique_to_query,f_unique_weighted,average_abund,median_abund,std_abund,name,filename,md5,f_match_orig,unique_intersect_bp,gather_result_rank,remaining_bp,query_filename,query_name,query_md5,query_bp
1405000,0.07974345876610478,0.6658767772511849,0.07974345876610478,0.07974345876610478,,,,"GCF_014838735.1 Limosilactobacillus sp. c11Ua_112_M strain=c11Ua_112_M, ASM1483873v1",/mnt/HDD/kia/HMP_reference/gtdb-rs207.genomic-reps.dna.k31.zip,c216842598404bf8b66e002da1157cf9,0.6658767772511849,1405000,0,3000000,,SRS055298.tar.bz2,18220110,17619000
1347000,0.07645155797718373,0.8466373350094281,0.07645155797718373,0.07645155797718373,,,,"GCF_001436455.1 Lactobacillus jensenii DSM 20557 strain=DSM 20557, ASM143645v1",/mnt/HDD/kia/HMP_reference/gtdb-rs207.genomic-reps.dna.k31.zip,02ae1dee237653b18076f43ca5e8d71b,0.8466373350094281,1347000,1,1653000,,SRS055298.tar.bz2,18220110,17619000
955000,0.054202849196889724,0.7261632341723875,0.05403257846642829,0.05403257846642829,,,,"GCF_000160875.1 Lactobacillus iners DSM 13335 strain=DSM 13335, ASM16087v1",/mnt/HDD/kia/HMP_reference/gtdb-rs207.genomic-reps.dna.k31.zip,a3c06acfd6e434dfc80d4cff3cf45af5,0.7284515636918383,952000,2,701000,,SRS055298.tar.bz2,18220110,17619000
606000,0.0343946875532096,0.8463687150837989,0.0343946875532096,0.0343946875532096,,,,"GCF_000019345.1 Ureaplasma parvum serovar 3 str. ATCC 27815 strain=ATCC 27815, ASM1934v1",/mnt/HDD/kia/HMP_reference/gtdb-rs207.genomic-reps.dna.k31.zip,9e3553982cc8560db06ccfa0271dd519,0.8463687150837989,606000,3,95000,,SRS055298.tar.bz2,18220110,17619000
