intersect_bp,f_orig_query,f_match,f_unique_to_query,f_unique_weighted,average_abund,median_abund,std_abund,name,filename,md5,f_match_orig,unique_intersect_bp,gather_result_rank,remaining_bp,query_filename,query_name,query_md5,query_bp
1559000,0.09088259298122887,0.9798868636077939,0.09088259298122887,0.09088259298122887,,,,"GCF_001436455.1 Lactobacillus jensenii DSM 20557 strain=DSM 20557, ASM143645v1",/mnt/HDD/kia/HMP_reference/gtdb-rs207.genomic-reps.dna.k31.zip,02ae1dee237653b18076f43ca5e8d71b,0.9798868636077939,1559000,0,1214000,,SRS042428.tar.bz2,61b027c5,17154000
917000,0.05345691966888189,0.6979405034324943,0.053340328786288915,0.053340328786288915,,,,"GCF_000160875.1 Lactobacillus iners DSM 13335 strain=DSM 13335, ASM16087v1",/mnt/HDD/kia/HMP_reference/gtdb-rs207.genomic-reps.dna.k31.zip,a3c06acfd6e434dfc80d4cff3cf45af5,0.6994660564454614,915000,1,299000,,SRS042428.tar.bz2,61b027c5,17154000
124000,0.007228634720764836,0.02736098852603707,0.007228634720764836,0.007228634720764836,,,,"GCA_017307165.1 Candidatus Melainabacteria bacterium, ASM1730716v1",/mnt/HDD/kia/HMP_reference/gtdb-rs207.genomic-reps.dna.k31.zip,76e929bd1bf9c829e7074db3b50df093,0.02736098852603707,124000,2,175000,,SRS042428.tar.bz2,61b027c5,17154000
114000,0.00664568030779993,0.01988834612700628,0.00664568030779993,0.00664568030779993,,,,"GCF_004367745.1 Herbaspirillum huttiense strain=NFYY 53159, ASM436774v1",/mnt/HDD/kia/HMP_reference/gtdb-rs207.genomic-reps.dna.k31.zip,7dde5370ebfef46ee947a2ae4419fc41,0.01988834612700628,114000,3,61000,,SRS042428.tar.bz2,61b027c5,17154000
59000,0.0034394310364929464,0.009110562075355157,0.0034394310364929464,0.0034394310364929464,,,,"GCF_001439845.1 Pseudomonas lactis strain=DSM 29167, MG336",/mnt/HDD/kia/HMP_reference/gtdb-rs207.genomic-reps.dna.k31.zip,d5aef4ee8ee00ca6557b5a8fe4179568,0.009110562075355157,59000,4,2000,,SRS042428.tar.bz2,61b027c5,17154000
