intersect_bp,f_orig_query,f_match,f_unique_to_query,f_unique_weighted,average_abund,median_abund,std_abund,name,filename,md5,f_match_orig,unique_intersect_bp,gather_result_rank,remaining_bp,query_filename,query_name,query_md5,query_bp
955000,0.08759860576041094,0.39300411522633744,0.08759860576041094,0.08759860576041094,,,,"GCF_003030305.1 Cutibacterium acnes strain=ATCC 6919, ASM303030v1",/mnt/HDD/kia/HMP_reference/gtdb-rs207.genomic-reps.dna.k31.zip,ff021938b2e5aeb2c3d43194bd8f6fed,0.39300411522633744,955000,0,1337000,,SRS011263.tar.bz2,e81c7e00,10902000
514000,0.0471473124197395,0.2285460204535349,0.0471473124197395,0.0471473124197395,,,,"GCF_000688415.1 Corynebacterium pseudodiphtheriticum DSM 44287 strain=DSM 44287, ASM68841v1",/mnt/HDD/kia/HMP_reference/gtdb-rs207.genomic-reps.dna.k31.zip,959fe9cdced42dc4a88ae7978625c47e,0.2285460204535349,514000,1,823000,,SRS011263.tar.bz2,e81c7e00,10902000
273000,0.025041276829939462,0.17388535031847133,0.025041276829939462,0.025041276829939462,,,,"GCA_003241315.1 Lawsonella clevelandensis, ASM324131v1",/mnt/HDD/kia/HMP_reference/gtdb-rs207.genomic-reps.dna.k31.zip,615e5c6c38f626bff2360eec57680c79,0.17388535031847133,273000,2,550000,,SRS011263.tar.bz2,e81c7e00,10902000
243000,0.02228948816730875,0.1345514950166113,0.02228948816730875,0.02228948816730875,,,,"GCF_900106515.1 Peptoniphilus lacydonensis strain=EL1, PRJEB16530",/mnt/HDD/kia/HMP_reference/gtdb-rs207.genomic-reps.dna.k31.zip,b4b406f34659b0ee300ff2dee0f6de99,0.1345514950166113,243000,3,307000,,SRS011263.tar.bz2,e81c7e00,10902000
240000,0.02201430930104568,0.09846281678437889,0.021739130434782608,0.021739130434782608,,,,"GCF_000159115.1 Corynebacterium accolens ATCC 49725 strain=ATCC 49725, ASM15911v1",/mnt/HDD/kia/HMP_reference/gtdb-rs207.genomic-reps.dna.k31.zip,30fc14d53964d66f039fe9009573cee3,0.09970918155380142,237000,4,70000,,SRS011263.tar.bz2,e81c7e00,10902000
